"cor","var1","var2"
0.999207060600059,"02-00-00:国家财政-财政收支总额及增长-财政收入(亿元)","02-00-01:国家财政-财政收支总额及增长-财政支出(亿元)"
0.910787268913869,"02-00-00:国家财政-财政收支总额及增长-财政收入(亿元)","02-00-05:国家财政-财政收支总额及增长-财政收入占国内生产总值的比重(%)"
0.999809375511719,"02-00-00:国家财政-财政收支总额及增长-财政收入(亿元)","02-04-00:国家财政-各项税收-税收合计(亿元)"
0.989217264132904,"02-00-00:国家财政-财政收支总额及增长-财政收入(亿元)","02-04-01:国家财政-各项税收-增值税(亿元)"
0.999213848839189,"02-00-00:国家财政-财政收支总额及增长-财政收入(亿元)","02-04-02:国家财政-各项税收-营业税(亿元)"
0.986732366332944,"02-00-00:国家财政-财政收支总额及增长-财政收入(亿元)","02-04-03:国家财政-各项税收-消费税(亿元)"
0.980168995583425,"02-00-00:国家财政-财政收支总额及增长-财政收入(亿元)","02-04-04:国家财政-各项税收-关税(亿元)"
0.997396906682389,"02-00-00:国家财政-财政收支总额及增长-财政收入(亿元)","02-04-06:国家财政-各项税收-企业所得税(亿元)"
0.997452311188671,"02-00-00:国家财政-财政收支总额及增长-财政收入(亿元)","04-02-00:国民经济-支出法国内生产总值结构-居民消费支出(亿元)"
0.997968792865255,"02-00-00:国家财政-财政收支总额及增长-财政收入(亿元)","04-02-03:国民经济-支出法国内生产总值结构-政府消费支出(亿元)"
0.998958133459798,"02-00-00:国家财政-财政收支总额及增长-财政收入(亿元)","04-02-08:国民经济-支出法国内生产总值结构-固定资本形成总额(亿元)"
0.9123292502713,"02-00-00:国家财政-财政收支总额及增长-财政收入(亿元)","04-02-09:国民经济-支出法国内生产总值结构-存货增加(亿元)"
0.996126474521547,"02-00-00:国家财政-财政收支总额及增长-财政收入(亿元)","01-01-00:金融信息-货币供应量-货币和准货币（广义货币M2）(亿元)"
0.992602776524904,"02-00-00:国家财政-财政收支总额及增长-财政收入(亿元)","01-01-02:金融信息-货币供应量-货币(狭义货币M1)(亿元)"
0.986772958705399,"02-00-00:国家财政-财政收支总额及增长-财政收入(亿元)","01-01-04:金融信息-货币供应量-流通中现金(M0)(亿元)"
0.991383161436989,"02-00-00:国家财政-财政收支总额及增长-财政收入(亿元)","01-01-06:金融信息-货币供应量-活期存款(亿元)"
0.992551376584407,"02-00-00:国家财政-财政收支总额及增长-财政收入(亿元)","01-01-08:金融信息-货币供应量-准货币(亿元)"
0.9896843423785,"02-00-00:国家财政-财政收支总额及增长-财政收入(亿元)","01-01-10:金融信息-货币供应量-定期存款(亿元)"
0.995780548585946,"02-00-00:国家财政-财政收支总额及增长-财政收入(亿元)","01-01-12:金融信息-货币供应量-储蓄存款(亿元)"
0.938631291386756,"02-00-00:国家财政-财政收支总额及增长-财政收入(亿元)","01-05-00:金融信息-央行黄金和外汇储备-黄金储备(万盎司)"
0.993815356993749,"02-00-00:国家财政-财政收支总额及增长-财政收入(亿元)","01-05-01:金融信息-央行黄金和外汇储备-国家外汇储备(亿美元)"
-0.965147237366482,"02-00-00:国家财政-财政收支总额及增长-财政收入(亿元)","01-09-01:金融信息-央行汇率-一美元折合人民币(期末数)(元)"
-0.965968670032098,"02-00-00:国家财政-财政收支总额及增长-财政收入(亿元)","01-09-02:金融信息-央行汇率-一美元折合人民币(平均数)(元)"
0.905411067450122,"02-00-01:国家财政-财政收支总额及增长-财政支出(亿元)","02-00-05:国家财政-财政收支总额及增长-财政收入占国内生产总值的比重(%)"
0.99865078810717,"02-00-01:国家财政-财政收支总额及增长-财政支出(亿元)","02-04-00:国家财政-各项税收-税收合计(亿元)"
0.985810534590443,"02-00-01:国家财政-财政收支总额及增长-财政支出(亿元)","02-04-01:国家财政-各项税收-增值税(亿元)"
0.998652813555211,"02-00-01:国家财政-财政收支总额及增长-财政支出(亿元)","02-04-02:国家财政-各项税收-营业税(亿元)"
0.990134338952126,"02-00-01:国家财政-财政收支总额及增长-财政支出(亿元)","02-04-03:国家财政-各项税收-消费税(亿元)"
0.976246054256599,"02-00-01:国家财政-财政收支总额及增长-财政支出(亿元)","02-04-04:国家财政-各项税收-关税(亿元)"
0.99614852353556,"02-00-01:国家财政-财政收支总额及增长-财政支出(亿元)","02-04-06:国家财政-各项税收-企业所得税(亿元)"
0.997293545604267,"02-00-01:国家财政-财政收支总额及增长-财政支出(亿元)","04-02-00:国民经济-支出法国内生产总值结构-居民消费支出(亿元)"
0.997310934314639,"02-00-01:国家财政-财政收支总额及增长-财政支出(亿元)","04-02-03:国民经济-支出法国内生产总值结构-政府消费支出(亿元)"
0.999012614609561,"02-00-01:国家财政-财政收支总额及增长-财政支出(亿元)","04-02-08:国民经济-支出法国内生产总值结构-固定资本形成总额(亿元)"
0.901296110828343,"02-00-01:国家财政-财政收支总额及增长-财政支出(亿元)","04-02-09:国民经济-支出法国内生产总值结构-存货增加(亿元)"
0.997263243735101,"02-00-01:国家财政-财政收支总额及增长-财政支出(亿元)","01-01-00:金融信息-货币供应量-货币和准货币（广义货币M2）(亿元)"
0.991851899691945,"02-00-01:国家财政-财政收支总额及增长-财政支出(亿元)","01-01-02:金融信息-货币供应量-货币(狭义货币M1)(亿元)"
0.985860716490595,"02-00-01:国家财政-财政收支总额及增长-财政支出(亿元)","01-01-04:金融信息-货币供应量-流通中现金(M0)(亿元)"
0.99068284513474,"02-00-01:国家财政-财政收支总额及增长-财政支出(亿元)","01-01-06:金融信息-货币供应量-活期存款(亿元)"
0.994479513974173,"02-00-01:国家财政-财政收支总额及增长-财政支出(亿元)","01-01-08:金融信息-货币供应量-准货币(亿元)"
0.991695403587394,"02-00-01:国家财政-财政收支总额及增长-财政支出(亿元)","01-01-10:金融信息-货币供应量-定期存款(亿元)"
0.996753445935346,"02-00-01:国家财政-财政收支总额及增长-财政支出(亿元)","01-01-12:金融信息-货币供应量-储蓄存款(亿元)"
0.940436191932008,"02-00-01:国家财政-财政收支总额及增长-财政支出(亿元)","01-05-00:金融信息-央行黄金和外汇储备-黄金储备(万盎司)"
0.991975551476102,"02-00-01:国家财政-财政收支总额及增长-财政支出(亿元)","01-05-01:金融信息-央行黄金和外汇储备-国家外汇储备(亿美元)"
-0.961251291399146,"02-00-01:国家财政-财政收支总额及增长-财政支出(亿元)","01-09-01:金融信息-央行汇率-一美元折合人民币(期末数)(元)"
-0.962499075179835,"02-00-01:国家财政-财政收支总额及增长-财政支出(亿元)","01-09-02:金融信息-央行汇率-一美元折合人民币(平均数)(元)"
0.916745493114633,"02-00-05:国家财政-财政收支总额及增长-财政收入占国内生产总值的比重(%)","02-04-00:国家财政-各项税收-税收合计(亿元)"
0.946740496352969,"02-00-05:国家财政-财政收支总额及增长-财政收入占国内生产总值的比重(%)","02-04-01:国家财政-各项税收-增值税(亿元)"
0.908982154115722,"02-00-05:国家财政-财政收支总额及增长-财政收入占国内生产总值的比重(%)","02-04-02:国家财政-各项税收-营业税(亿元)"
0.951244513492463,"02-00-05:国家财政-财政收支总额及增长-财政收入占国内生产总值的比重(%)","02-04-04:国家财政-各项税收-关税(亿元)"
0.907768186462492,"02-00-05:国家财政-财政收支总额及增长-财政收入占国内生产总值的比重(%)","02-04-06:国家财政-各项税收-企业所得税(亿元)"
0.910875261327608,"02-00-05:国家财政-财政收支总额及增长-财政收入占国内生产总值的比重(%)","04-02-00:国民经济-支出法国内生产总值结构-居民消费支出(亿元)"
0.922209787710625,"02-00-05:国家财政-财政收支总额及增长-财政收入占国内生产总值的比重(%)","04-02-03:国民经济-支出法国内生产总值结构-政府消费支出(亿元)"
-0.939331684673509,"02-00-05:国家财政-财政收支总额及增长-财政收入占国内生产总值的比重(%)","04-02-06:国民经济-支出法国内生产总值结构-农村居民占居民消费支出比例(%)"
0.939331684673509,"02-00-05:国家财政-财政收支总额及增长-财政收入占国内生产总值的比重(%)","04-02-07:国民经济-支出法国内生产总值结构-城镇居民占居民消费支出比例(%)"
0.90915501318867,"02-00-05:国家财政-财政收支总额及增长-财政收入占国内生产总值的比重(%)","04-02-08:国民经济-支出法国内生产总值结构-固定资本形成总额(亿元)"
0.931529061312108,"02-00-05:国家财政-财政收支总额及增长-财政收入占国内生产总值的比重(%)","01-01-02:金融信息-货币供应量-货币(狭义货币M1)(亿元)"
0.933870196698577,"02-00-05:国家财政-财政收支总额及增长-财政收入占国内生产总值的比重(%)","01-01-04:金融信息-货币供应量-流通中现金(M0)(亿元)"
0.926475899648405,"02-00-05:国家财政-财政收支总额及增长-财政收入占国内生产总值的比重(%)","01-01-06:金融信息-货币供应量-活期存款(亿元)"
0.907348495113124,"02-00-05:国家财政-财政收支总额及增长-财政收入占国内生产总值的比重(%)","01-01-12:金融信息-货币供应量-储蓄存款(亿元)"
0.927121254742717,"02-00-05:国家财政-财政收支总额及增长-财政收入占国内生产总值的比重(%)","01-02-13:金融信息-存款利率-零存整取、整存零取、存本取息定期存款(五年)"
0.905999670341606,"02-00-05:国家财政-财政收支总额及增长-财政收入占国内生产总值的比重(%)","01-05-00:金融信息-央行黄金和外汇储备-黄金储备(万盎司)"
0.906779116640968,"02-00-05:国家财政-财政收支总额及增长-财政收入占国内生产总值的比重(%)","01-05-01:金融信息-央行黄金和外汇储备-国家外汇储备(亿美元)"
-0.945481669873573,"02-00-05:国家财政-财政收支总额及增长-财政收入占国内生产总值的比重(%)","01-09-01:金融信息-央行汇率-一美元折合人民币(期末数)(元)"
-0.944171207295185,"02-00-05:国家财政-财政收支总额及增长-财政收入占国内生产总值的比重(%)","01-09-02:金融信息-央行汇率-一美元折合人民币(平均数)(元)"
0.991394514856869,"02-04-00:国家财政-各项税收-税收合计(亿元)","02-04-01:国家财政-各项税收-增值税(亿元)"
0.9990645303169,"02-04-00:国家财政-各项税收-税收合计(亿元)","02-04-02:国家财政-各项税收-营业税(亿元)"
0.985499977385806,"02-04-00:国家财政-各项税收-税收合计(亿元)","02-04-03:国家财政-各项税收-消费税(亿元)"
0.982866763276418,"02-04-00:国家财政-各项税收-税收合计(亿元)","02-04-04:国家财政-各项税收-关税(亿元)"
0.996835042123821,"02-04-00:国家财政-各项税收-税收合计(亿元)","02-04-06:国家财政-各项税收-企业所得税(亿元)"
0.997477876199218,"02-04-00:国家财政-各项税收-税收合计(亿元)","04-02-00:国民经济-支出法国内生产总值结构-居民消费支出(亿元)"
0.998415760597462,"02-04-00:国家财政-各项税收-税收合计(亿元)","04-02-03:国民经济-支出法国内生产总值结构-政府消费支出(亿元)"
0.998948729039906,"02-04-00:国家财政-各项税收-税收合计(亿元)","04-02-08:国民经济-支出法国内生产总值结构-固定资本形成总额(亿元)"
0.914051443597128,"02-04-00:国家财政-各项税收-税收合计(亿元)","04-02-09:国民经济-支出法国内生产总值结构-存货增加(亿元)"
0.995494412338941,"02-04-00:国家财政-各项税收-税收合计(亿元)","01-01-00:金融信息-货币供应量-货币和准货币（广义货币M2）(亿元)"
0.993997424287776,"02-04-00:国家财政-各项税收-税收合计(亿元)","01-01-02:金融信息-货币供应量-货币(狭义货币M1)(亿元)"
0.988320477148323,"02-04-00:国家财政-各项税收-税收合计(亿元)","01-01-04:金融信息-货币供应量-流通中现金(M0)(亿元)"
0.992673770321956,"02-04-00:国家财政-各项税收-税收合计(亿元)","01-01-06:金融信息-货币供应量-活期存款(亿元)"
0.991102487970122,"02-04-00:国家财政-各项税收-税收合计(亿元)","01-01-08:金融信息-货币供应量-准货币(亿元)"
0.987567401960446,"02-04-00:国家财政-各项税收-税收合计(亿元)","01-01-10:金融信息-货币供应量-定期存款(亿元)"
0.995533553019467,"02-04-00:国家财政-各项税收-税收合计(亿元)","01-01-12:金融信息-货币供应量-储蓄存款(亿元)"
0.941142356343906,"02-04-00:国家财政-各项税收-税收合计(亿元)","01-05-00:金融信息-央行黄金和外汇储备-黄金储备(万盎司)"
0.994136449307776,"02-04-00:国家财政-各项税收-税收合计(亿元)","01-05-01:金融信息-央行黄金和外汇储备-国家外汇储备(亿美元)"
-0.967172715458374,"02-04-00:国家财政-各项税收-税收合计(亿元)","01-09-01:金融信息-央行汇率-一美元折合人民币(期末数)(元)"
-0.96789088079252,"02-04-00:国家财政-各项税收-税收合计(亿元)","01-09-02:金融信息-央行汇率-一美元折合人民币(平均数)(元)"
0.986878273442198,"02-04-01:国家财政-各项税收-增值税(亿元)","02-04-02:国家财政-各项税收-营业税(亿元)"
0.963444997511889,"02-04-01:国家财政-各项税收-增值税(亿元)","02-04-03:国家财政-各项税收-消费税(亿元)"
0.986385099236865,"02-04-01:国家财政-各项税收-增值税(亿元)","02-04-04:国家财政-各项税收-关税(亿元)"
0.987386256300567,"02-04-01:国家财政-各项税收-增值税(亿元)","02-04-06:国家财政-各项税收-企业所得税(亿元)"
0.990391038576833,"02-04-01:国家财政-各项税收-增值税(亿元)","04-02-00:国民经济-支出法国内生产总值结构-居民消费支出(亿元)"
0.9933384492702,"02-04-01:国家财政-各项税收-增值税(亿元)","04-02-03:国民经济-支出法国内生产总值结构-政府消费支出(亿元)"
0.989496719237399,"02-04-01:国家财政-各项税收-增值税(亿元)","04-02-08:国民经济-支出法国内生产总值结构-固定资本形成总额(亿元)"
0.912692845700505,"02-04-01:国家财政-各项税收-增值税(亿元)","04-02-09:国民经济-支出法国内生产总值结构-存货增加(亿元)"
0.982791237272601,"02-04-01:国家财政-各项税收-增值税(亿元)","01-01-00:金融信息-货币供应量-货币和准货币（广义货币M2）(亿元)"
0.991462810387453,"02-04-01:国家财政-各项税收-增值税(亿元)","01-01-02:金融信息-货币供应量-货币(狭义货币M1)(亿元)"
0.990334988773361,"02-04-01:国家财政-各项税收-增值税(亿元)","01-01-04:金融信息-货币供应量-流通中现金(M0)(亿元)"
0.988766550734094,"02-04-01:国家财政-各项税收-增值税(亿元)","01-01-06:金融信息-货币供应量-活期存款(亿元)"
0.974453804388435,"02-04-01:国家财政-各项税收-增值税(亿元)","01-01-08:金融信息-货币供应量-准货币(亿元)"
0.964618302020683,"02-04-01:国家财政-各项税收-增值税(亿元)","01-01-10:金融信息-货币供应量-定期存款(亿元)"
0.986272011091547,"02-04-01:国家财政-各项税收-增值税(亿元)","01-01-12:金融信息-货币供应量-储蓄存款(亿元)"
0.94038847157471,"02-04-01:国家财政-各项税收-增值税(亿元)","01-05-00:金融信息-央行黄金和外汇储备-黄金储备(万盎司)"
0.985548531866107,"02-04-01:国家财政-各项税收-增值税(亿元)","01-05-01:金融信息-央行黄金和外汇储备-国家外汇储备(亿美元)"
-0.97162218648203,"02-04-01:国家财政-各项税收-增值税(亿元)","01-09-01:金融信息-央行汇率-一美元折合人民币(期末数)(元)"
-0.971489307388818,"02-04-01:国家财政-各项税收-增值税(亿元)","01-09-02:金融信息-央行汇率-一美元折合人民币(平均数)(元)"
0.989525540463494,"02-04-02:国家财政-各项税收-营业税(亿元)","02-04-03:国家财政-各项税收-消费税(亿元)"
0.978848549495014,"02-04-02:国家财政-各项税收-营业税(亿元)","02-04-04:国家财政-各项税收-关税(亿元)"
0.995250011049258,"02-04-02:国家财政-各项税收-营业税(亿元)","02-04-06:国家财政-各项税收-企业所得税(亿元)"
0.995613426374238,"02-04-02:国家财政-各项税收-营业税(亿元)","04-02-00:国民经济-支出法国内生产总值结构-居民消费支出(亿元)"
0.996625974845461,"02-04-02:国家财政-各项税收-营业税(亿元)","04-02-03:国民经济-支出法国内生产总值结构-政府消费支出(亿元)"
0.998586046835572,"02-04-02:国家财政-各项税收-营业税(亿元)","04-02-08:国民经济-支出法国内生产总值结构-固定资本形成总额(亿元)"
0.909917176274759,"02-04-02:国家财政-各项税收-营业税(亿元)","04-02-09:国民经济-支出法国内生产总值结构-存货增加(亿元)"
0.995006539181006,"02-04-02:国家财政-各项税收-营业税(亿元)","01-01-00:金融信息-货币供应量-货币和准货币（广义货币M2）(亿元)"
0.992673844750789,"02-04-02:国家财政-各项税收-营业税(亿元)","01-01-02:金融信息-货币供应量-货币(狭义货币M1)(亿元)"
0.985302209461283,"02-04-02:国家财政-各项税收-营业税(亿元)","01-01-04:金融信息-货币供应量-流通中现金(M0)(亿元)"
0.99181509302328,"02-04-02:国家财政-各项税收-营业税(亿元)","01-01-06:金融信息-货币供应量-活期存款(亿元)"
0.990931250389252,"02-04-02:国家财政-各项税收-营业税(亿元)","01-01-08:金融信息-货币供应量-准货币(亿元)"
0.988880702828176,"02-04-02:国家财政-各项税收-营业税(亿元)","01-01-10:金融信息-货币供应量-定期存款(亿元)"
0.994650778423173,"02-04-02:国家财政-各项税收-营业税(亿元)","01-01-12:金融信息-货币供应量-储蓄存款(亿元)"
0.943161919933348,"02-04-02:国家财政-各项税收-营业税(亿元)","01-05-00:金融信息-央行黄金和外汇储备-黄金储备(万盎司)"
0.993696316670367,"02-04-02:国家财政-各项税收-营业税(亿元)","01-05-01:金融信息-央行黄金和外汇储备-国家外汇储备(亿美元)"
-0.964316352621881,"02-04-02:国家财政-各项税收-营业税(亿元)","01-09-01:金融信息-央行汇率-一美元折合人民币(期末数)(元)"
-0.965185568918051,"02-04-02:国家财政-各项税收-营业税(亿元)","01-09-02:金融信息-央行汇率-一美元折合人民币(平均数)(元)"
0.954267814700961,"02-04-03:国家财政-各项税收-消费税(亿元)","02-04-04:国家财政-各项税收-关税(亿元)"
0.976714368831875,"02-04-03:国家财政-各项税收-消费税(亿元)","02-04-06:国家财政-各项税收-企业所得税(亿元)"
0.983988067037411,"02-04-03:国家财政-各项税收-消费税(亿元)","04-02-00:国民经济-支出法国内生产总值结构-居民消费支出(亿元)"
0.982451096292692,"02-04-03:国家财政-各项税收-消费税(亿元)","04-02-03:国民经济-支出法国内生产总值结构-政府消费支出(亿元)"
0.989304259709129,"02-04-03:国家财政-各项税收-消费税(亿元)","04-02-08:国民经济-支出法国内生产总值结构-固定资本形成总额(亿元)"
0.98640707578958,"02-04-03:国家财政-各项税收-消费税(亿元)","01-01-00:金融信息-货币供应量-货币和准货币（广义货币M2）(亿元)"
0.982486034273123,"02-04-03:国家财政-各项税收-消费税(亿元)","01-01-02:金融信息-货币供应量-货币(狭义货币M1)(亿元)"
0.970156375371158,"02-04-03:国家财政-各项税收-消费税(亿元)","01-01-04:金融信息-货币供应量-流通中现金(M0)(亿元)"
0.98308043803021,"02-04-03:国家财政-各项税收-消费税(亿元)","01-01-06:金融信息-货币供应量-活期存款(亿元)"
0.982624182735092,"02-04-03:国家财政-各项税收-消费税(亿元)","01-01-08:金融信息-货币供应量-准货币(亿元)"
0.98672913936125,"02-04-03:国家财政-各项税收-消费税(亿元)","01-01-10:金融信息-货币供应量-定期存款(亿元)"
0.984180360932386,"02-04-03:国家财政-各项税收-消费税(亿元)","01-01-12:金融信息-货币供应量-储蓄存款(亿元)"
0.947345958324296,"02-04-03:国家财政-各项税收-消费税(亿元)","01-05-00:金融信息-央行黄金和外汇储备-黄金储备(万盎司)"
0.984058072156864,"02-04-03:国家财政-各项税收-消费税(亿元)","01-05-01:金融信息-央行黄金和外汇储备-国家外汇储备(亿美元)"
-0.949855672043196,"02-04-03:国家财政-各项税收-消费税(亿元)","01-09-01:金融信息-央行汇率-一美元折合人民币(期末数)(元)"
-0.951772430132729,"02-04-03:国家财政-各项税收-消费税(亿元)","01-09-02:金融信息-央行汇率-一美元折合人民币(平均数)(元)"
0.97319327081493,"02-04-04:国家财政-各项税收-关税(亿元)","02-04-06:国家财政-各项税收-企业所得税(亿元)"
0.980565100881119,"02-04-04:国家财政-各项税收-关税(亿元)","04-02-00:国民经济-支出法国内生产总值结构-居民消费支出(亿元)"
0.984668577112286,"02-04-04:国家财政-各项税收-关税(亿元)","04-02-03:国民经济-支出法国内生产总值结构-政府消费支出(亿元)"
0.977587115722813,"02-04-04:国家财政-各项税收-关税(亿元)","04-02-08:国民经济-支出法国内生产总值结构-固定资本形成总额(亿元)"
0.904125855855436,"02-04-04:国家财政-各项税收-关税(亿元)","04-02-09:国民经济-支出法国内生产总值结构-存货增加(亿元)"
0.971029050329876,"02-04-04:国家财政-各项税收-关税(亿元)","01-01-00:金融信息-货币供应量-货币和准货币（广义货币M2）(亿元)"
0.983428646304689,"02-04-04:国家财政-各项税收-关税(亿元)","01-01-02:金融信息-货币供应量-货币(狭义货币M1)(亿元)"
0.982708650861127,"02-04-04:国家财政-各项税收-关税(亿元)","01-01-04:金融信息-货币供应量-流通中现金(M0)(亿元)"
0.980375612762107,"02-04-04:国家财政-各项税收-关税(亿元)","01-01-06:金融信息-货币供应量-活期存款(亿元)"
0.961241931770351,"02-04-04:国家财政-各项税收-关税(亿元)","01-01-08:金融信息-货币供应量-准货币(亿元)"
0.949740932837407,"02-04-04:国家财政-各项税收-关税(亿元)","01-01-10:金融信息-货币供应量-定期存款(亿元)"
0.973791017861095,"02-04-04:国家财政-各项税收-关税(亿元)","01-01-12:金融信息-货币供应量-储蓄存款(亿元)"
0.909181474513249,"02-04-04:国家财政-各项税收-关税(亿元)","01-02-13:金融信息-存款利率-零存整取、整存零取、存本取息定期存款(五年)"
0.930523835109593,"02-04-04:国家财政-各项税收-关税(亿元)","01-05-00:金融信息-央行黄金和外汇储备-黄金储备(万盎司)"
0.972951612220617,"02-04-04:国家财政-各项税收-关税(亿元)","01-05-01:金融信息-央行黄金和外汇储备-国家外汇储备(亿美元)"
-0.959615014790464,"02-04-04:国家财政-各项税收-关税(亿元)","01-09-01:金融信息-央行汇率-一美元折合人民币(期末数)(元)"
-0.959492336445364,"02-04-04:国家财政-各项税收-关税(亿元)","01-09-02:金融信息-央行汇率-一美元折合人民币(平均数)(元)"
0.994246602544382,"02-04-06:国家财政-各项税收-企业所得税(亿元)","04-02-00:国民经济-支出法国内生产总值结构-居民消费支出(亿元)"
0.994805644633148,"02-04-06:国家财政-各项税收-企业所得税(亿元)","04-02-03:国民经济-支出法国内生产总值结构-政府消费支出(亿元)"
0.995356740284716,"02-04-06:国家财政-各项税收-企业所得税(亿元)","04-02-08:国民经济-支出法国内生产总值结构-固定资本形成总额(亿元)"
0.908593942568659,"02-04-06:国家财政-各项税收-企业所得税(亿元)","04-02-09:国民经济-支出法国内生产总值结构-存货增加(亿元)"
0.993533499133456,"02-04-06:国家财政-各项税收-企业所得税(亿元)","01-01-00:金融信息-货币供应量-货币和准货币（广义货币M2）(亿元)"
0.98585136807635,"02-04-06:国家财政-各项税收-企业所得税(亿元)","01-01-02:金融信息-货币供应量-货币(狭义货币M1)(亿元)"
0.981993746196193,"02-04-06:国家财政-各项税收-企业所得税(亿元)","01-01-04:金融信息-货币供应量-流通中现金(M0)(亿元)"
0.984183744810078,"02-04-06:国家财政-各项税收-企业所得税(亿元)","01-01-06:金融信息-货币供应量-活期存款(亿元)"
0.991615151647343,"02-04-06:国家财政-各项税收-企业所得税(亿元)","01-01-08:金融信息-货币供应量-准货币(亿元)"
0.988270726267916,"02-04-06:国家财政-各项税收-企业所得税(亿元)","01-01-10:金融信息-货币供应量-定期存款(亿元)"
0.993167197819574,"02-04-06:国家财政-各项税收-企业所得税(亿元)","01-01-12:金融信息-货币供应量-储蓄存款(亿元)"
0.924771033547727,"02-04-06:国家财政-各项税收-企业所得税(亿元)","01-05-00:金融信息-央行黄金和外汇储备-黄金储备(万盎司)"
0.989642812720585,"02-04-06:国家财政-各项税收-企业所得税(亿元)","01-05-01:金融信息-央行黄金和外汇储备-国家外汇储备(亿美元)"
-0.959022816753938,"02-04-06:国家财政-各项税收-企业所得税(亿元)","01-09-01:金融信息-央行汇率-一美元折合人民币(期末数)(元)"
-0.959665015897132,"02-04-06:国家财政-各项税收-企业所得税(亿元)","01-09-02:金融信息-央行汇率-一美元折合人民币(平均数)(元)"
0.968836406947146,"04-01-00:国民经济-国内生产总值(GDP) 季度累计统计-国内生产总值(亿元)","04-01-02:国民经济-国内生产总值(GDP) 季度累计统计-第一产业增加值(亿元)"
0.995678615759717,"04-01-00:国民经济-国内生产总值(GDP) 季度累计统计-国内生产总值(亿元)","04-01-04:国民经济-国内生产总值(GDP) 季度累计统计-第二产业增加值(亿元)"
0.994877158561028,"04-01-00:国民经济-国内生产总值(GDP) 季度累计统计-国内生产总值(亿元)","04-01-06:国民经济-国内生产总值(GDP) 季度累计统计-第三产业增加值(亿元)"
0.953759265117747,"04-01-01:国民经济-国内生产总值(GDP) 季度累计统计-国内生产总值同比增长(%)","04-01-05:国民经济-国内生产总值(GDP) 季度累计统计-第二产业增加值同比增长(%)"
0.974765625535753,"04-01-02:国民经济-国内生产总值(GDP) 季度累计统计-第一产业增加值(亿元)","04-01-04:国民经济-国内生产总值(GDP) 季度累计统计-第二产业增加值(亿元)"
0.945074404686902,"04-01-02:国民经济-国内生产总值(GDP) 季度累计统计-第一产业增加值(亿元)","04-01-06:国民经济-国内生产总值(GDP) 季度累计统计-第三产业增加值(亿元)"
0.981984878416456,"04-01-04:国民经济-国内生产总值(GDP) 季度累计统计-第二产业增加值(亿元)","04-01-06:国民经济-国内生产总值(GDP) 季度累计统计-第三产业增加值(亿元)"
0.999247803430583,"04-02-00:国民经济-支出法国内生产总值结构-居民消费支出(亿元)","04-02-03:国民经济-支出法国内生产总值结构-政府消费支出(亿元)"
0.997510062107942,"04-02-00:国民经济-支出法国内生产总值结构-居民消费支出(亿元)","04-02-08:国民经济-支出法国内生产总值结构-固定资本形成总额(亿元)"
0.902451518757284,"04-02-00:国民经济-支出法国内生产总值结构-居民消费支出(亿元)","04-02-09:国民经济-支出法国内生产总值结构-存货增加(亿元)"
0.996069046047769,"04-02-00:国民经济-支出法国内生产总值结构-居民消费支出(亿元)","01-01-00:金融信息-货币供应量-货币和准货币（广义货币M2）(亿元)"
0.991700336575091,"04-02-00:国民经济-支出法国内生产总值结构-居民消费支出(亿元)","01-01-02:金融信息-货币供应量-货币(狭义货币M1)(亿元)"
0.990360782559775,"04-02-00:国民经济-支出法国内生产总值结构-居民消费支出(亿元)","01-01-04:金融信息-货币供应量-流通中现金(M0)(亿元)"
0.989516040572627,"04-02-00:国民经济-支出法国内生产总值结构-居民消费支出(亿元)","01-01-06:金融信息-货币供应量-活期存款(亿元)"
0.993180891263366,"04-02-00:国民经济-支出法国内生产总值结构-居民消费支出(亿元)","01-01-08:金融信息-货币供应量-准货币(亿元)"
0.986252357192225,"04-02-00:国民经济-支出法国内生产总值结构-居民消费支出(亿元)","01-01-10:金融信息-货币供应量-定期存款(亿元)"
0.997336663998362,"04-02-00:国民经济-支出法国内生产总值结构-居民消费支出(亿元)","01-01-12:金融信息-货币供应量-储蓄存款(亿元)"
0.932395583196101,"04-02-00:国民经济-支出法国内生产总值结构-居民消费支出(亿元)","01-05-00:金融信息-央行黄金和外汇储备-黄金储备(万盎司)"
0.987855145937367,"04-02-00:国民经济-支出法国内生产总值结构-居民消费支出(亿元)","01-05-01:金融信息-央行黄金和外汇储备-国家外汇储备(亿美元)"
-0.958180324052655,"04-02-00:国民经济-支出法国内生产总值结构-居民消费支出(亿元)","01-09-01:金融信息-央行汇率-一美元折合人民币(期末数)(元)"
-0.95921203313964,"04-02-00:国民经济-支出法国内生产总值结构-居民消费支出(亿元)","01-09-02:金融信息-央行汇率-一美元折合人民币(平均数)(元)"
0.998576467544911,"04-02-01:国民经济-支出法国内生产总值结构-其中:农村居民(亿元)","04-02-02:国民经济-支出法国内生产总值结构-其中:城镇居民(亿元)"
0.997652982740535,"04-02-03:国民经济-支出法国内生产总值结构-政府消费支出(亿元)","04-02-08:国民经济-支出法国内生产总值结构-固定资本形成总额(亿元)"
0.902851260052153,"04-02-03:国民经济-支出法国内生产总值结构-政府消费支出(亿元)","04-02-09:国民经济-支出法国内生产总值结构-存货增加(亿元)"
0.994841442855163,"04-02-03:国民经济-支出法国内生产总值结构-政府消费支出(亿元)","01-01-00:金融信息-货币供应量-货币和准货币（广义货币M2）(亿元)"
0.993736593221293,"04-02-03:国民经济-支出法国内生产总值结构-政府消费支出(亿元)","01-01-02:金融信息-货币供应量-货币(狭义货币M1)(亿元)"
0.991875391890255,"04-02-03:国民经济-支出法国内生产总值结构-政府消费支出(亿元)","01-01-04:金融信息-货币供应量-流通中现金(M0)(亿元)"
0.991525435468825,"04-02-03:国民经济-支出法国内生产总值结构-政府消费支出(亿元)","01-01-06:金融信息-货币供应量-活期存款(亿元)"
0.990532884322723,"04-02-03:国民经济-支出法国内生产总值结构-政府消费支出(亿元)","01-01-08:金融信息-货币供应量-准货币(亿元)"
0.983505002583274,"04-02-03:国民经济-支出法国内生产总值结构-政府消费支出(亿元)","01-01-10:金融信息-货币供应量-定期存款(亿元)"
0.996401208811967,"04-02-03:国民经济-支出法国内生产总值结构-政府消费支出(亿元)","01-01-12:金融信息-货币供应量-储蓄存款(亿元)"
0.936894835222757,"04-02-03:国民经济-支出法国内生产总值结构-政府消费支出(亿元)","01-05-00:金融信息-央行黄金和外汇储备-黄金储备(万盎司)"
0.989459380315392,"04-02-03:国民经济-支出法国内生产总值结构-政府消费支出(亿元)","01-05-01:金融信息-央行黄金和外汇储备-国家外汇储备(亿美元)"
-0.963954590557407,"04-02-03:国民经济-支出法国内生产总值结构-政府消费支出(亿元)","01-09-01:金融信息-央行汇率-一美元折合人民币(期末数)(元)"
-0.964758326235066,"04-02-03:国民经济-支出法国内生产总值结构-政府消费支出(亿元)","01-09-02:金融信息-央行汇率-一美元折合人民币(平均数)(元)"
-1,"04-02-04:国民经济-支出法国内生产总值结构-居民消费支出占最终消费支出比例(%)","04-02-05:国民经济-支出法国内生产总值结构-政府消费支出占最终消费支出比例(%)"
-1,"04-02-06:国民经济-支出法国内生产总值结构-农村居民占居民消费支出比例(%)","04-02-07:国民经济-支出法国内生产总值结构-城镇居民占居民消费支出比例(%)"
0.908523107657149,"04-02-08:国民经济-支出法国内生产总值结构-固定资本形成总额(亿元)","04-02-09:国民经济-支出法国内生产总值结构-存货增加(亿元)"
0.996973203956118,"04-02-08:国民经济-支出法国内生产总值结构-固定资本形成总额(亿元)","01-01-00:金融信息-货币供应量-货币和准货币（广义货币M2）(亿元)"
0.994179115291466,"04-02-08:国民经济-支出法国内生产总值结构-固定资本形成总额(亿元)","01-01-02:金融信息-货币供应量-货币(狭义货币M1)(亿元)"
0.987968214575221,"04-02-08:国民经济-支出法国内生产总值结构-固定资本形成总额(亿元)","01-01-04:金融信息-货币供应量-流通中现金(M0)(亿元)"
0.993044272679412,"04-02-08:国民经济-支出法国内生产总值结构-固定资本形成总额(亿元)","01-01-06:金融信息-货币供应量-活期存款(亿元)"
0.993121073078198,"04-02-08:国民经济-支出法国内生产总值结构-固定资本形成总额(亿元)","01-01-08:金融信息-货币供应量-准货币(亿元)"
0.989875536758205,"04-02-08:国民经济-支出法国内生产总值结构-固定资本形成总额(亿元)","01-01-10:金融信息-货币供应量-定期存款(亿元)"
0.997192430890378,"04-02-08:国民经济-支出法国内生产总值结构-固定资本形成总额(亿元)","01-01-12:金融信息-货币供应量-储蓄存款(亿元)"
0.945929312715292,"04-02-08:国民经济-支出法国内生产总值结构-固定资本形成总额(亿元)","01-05-00:金融信息-央行黄金和外汇储备-黄金储备(万盎司)"
0.993528952155605,"04-02-08:国民经济-支出法国内生产总值结构-固定资本形成总额(亿元)","01-05-01:金融信息-央行黄金和外汇储备-国家外汇储备(亿美元)"
-0.963264337054199,"04-02-08:国民经济-支出法国内生产总值结构-固定资本形成总额(亿元)","01-09-01:金融信息-央行汇率-一美元折合人民币(期末数)(元)"
-0.964318210062371,"04-02-08:国民经济-支出法国内生产总值结构-固定资本形成总额(亿元)","01-09-02:金融信息-央行汇率-一美元折合人民币(平均数)(元)"
0.907572525415171,"04-02-09:国民经济-支出法国内生产总值结构-存货增加(亿元)","01-01-02:金融信息-货币供应量-货币(狭义货币M1)(亿元)"
0.909816418243462,"04-02-09:国民经济-支出法国内生产总值结构-存货增加(亿元)","01-01-06:金融信息-货币供应量-活期存款(亿元)"
0.928170831320458,"04-02-09:国民经济-支出法国内生产总值结构-存货增加(亿元)","01-05-01:金融信息-央行黄金和外汇储备-国家外汇储备(亿美元)"
-0.927782540249201,"04-02-09:国民经济-支出法国内生产总值结构-存货增加(亿元)","01-09-01:金融信息-央行汇率-一美元折合人民币(期末数)(元)"
-0.925512628030114,"04-02-09:国民经济-支出法国内生产总值结构-存货增加(亿元)","01-09-02:金融信息-央行汇率-一美元折合人民币(平均数)(元)"
-0.987855847676464,"04-02-10:国民经济-支出法国内生产总值结构-固定资本形成总额占资本形成总额比例(%)","04-02-11:国民经济-支出法国内生产总值结构-存货增加占资本形成总额比例(%)"
-0.938129943423712,"04-02-10:国民经济-支出法国内生产总值结构-固定资本形成总额占资本形成总额比例(%)","01-02-01:金融信息-存款利率-定期存款整存整取(一年)"
-0.915273150644995,"04-02-10:国民经济-支出法国内生产总值结构-固定资本形成总额占资本形成总额比例(%)","01-02-03:金融信息-存款利率-定期存款整存整取(三年)"
-0.925392879391844,"04-02-10:国民经济-支出法国内生产总值结构-固定资本形成总额占资本形成总额比例(%)","01-02-04:金融信息-存款利率-定期存款整存整取(二年)"
-0.906399733207387,"04-02-10:国民经济-支出法国内生产总值结构-固定资本形成总额占资本形成总额比例(%)","01-02-05:金融信息-存款利率-定期存款整存整取(五年)"
-0.904425152916478,"04-02-10:国民经济-支出法国内生产总值结构-固定资本形成总额占资本形成总额比例(%)","01-02-06:金融信息-存款利率-定期存款整存整取(半年)"
-0.917554581960435,"04-02-10:国民经济-支出法国内生产总值结构-固定资本形成总额占资本形成总额比例(%)","01-03-02:金融信息-贷款利率-个人住房商业贷款(一至三年)"
-0.91579374178958,"04-02-10:国民经济-支出法国内生产总值结构-固定资本形成总额占资本形成总额比例(%)","01-03-04:金融信息-贷款利率-个人住房商业贷款(三至五年)"
-0.91627004734171,"04-02-10:国民经济-支出法国内生产总值结构-固定资本形成总额占资本形成总额比例(%)","01-03-05:金融信息-贷款利率-个人住房商业贷款(五年以上)"
-0.925854091804769,"04-02-10:国民经济-支出法国内生产总值结构-固定资本形成总额占资本形成总额比例(%)","01-03-06:金融信息-贷款利率-个人住房商业贷款(六个月以内)"
-0.918453852368326,"04-02-10:国民经济-支出法国内生产总值结构-固定资本形成总额占资本形成总额比例(%)","01-03-07:金融信息-贷款利率-个人住房商业贷款(六个月至一年)"
-0.917656596854101,"04-02-10:国民经济-支出法国内生产总值结构-固定资本形成总额占资本形成总额比例(%)","01-03-08:金融信息-贷款利率-中长期贷款(一至三年)"
-0.915655917030785,"04-02-10:国民经济-支出法国内生产总值结构-固定资本形成总额占资本形成总额比例(%)","01-03-09:金融信息-贷款利率-中长期贷款(三至五年)"
-0.916193763707425,"04-02-10:国民经济-支出法国内生产总值结构-固定资本形成总额占资本形成总额比例(%)","01-03-10:金融信息-贷款利率-中长期贷款(五年以上)"
-0.913650441623644,"04-02-10:国民经济-支出法国内生产总值结构-固定资本形成总额占资本形成总额比例(%)","01-03-16:金融信息-贷款利率-优惠贷款(民政部门福利工厂贷款)"
-0.911347310599776,"04-02-10:国民经济-支出法国内生产总值结构-固定资本形成总额占资本形成总额比例(%)","01-03-17:金融信息-贷款利率-优惠贷款(民族贸易及民族用品生产贷款)"
-0.917767110232119,"04-02-10:国民经济-支出法国内生产总值结构-固定资本形成总额占资本形成总额比例(%)","01-03-20:金融信息-贷款利率-优惠贷款(老少边穷发展经济贷款)"
-0.917767110232119,"04-02-10:国民经济-支出法国内生产总值结构-固定资本形成总额占资本形成总额比例(%)","01-03-21:金融信息-贷款利率-优惠贷款(贫困县办工业贷款)"
-0.925912529643573,"04-02-10:国民经济-支出法国内生产总值结构-固定资本形成总额占资本形成总额比例(%)","01-03-26:金融信息-贷款利率-短期贷款(六个月以内)"
-0.918271397495482,"04-02-10:国民经济-支出法国内生产总值结构-固定资本形成总额占资本形成总额比例(%)","01-03-27:金融信息-贷款利率-短期贷款(六个月至一年)"
0.941411511628419,"04-02-11:国民经济-支出法国内生产总值结构-存货增加占资本形成总额比例(%)","01-02-01:金融信息-存款利率-定期存款整存整取(一年)"
0.917869973242142,"04-02-11:国民经济-支出法国内生产总值结构-存货增加占资本形成总额比例(%)","01-02-03:金融信息-存款利率-定期存款整存整取(三年)"
0.927404281085219,"04-02-11:国民经济-支出法国内生产总值结构-存货增加占资本形成总额比例(%)","01-02-04:金融信息-存款利率-定期存款整存整取(二年)"
0.910050033176427,"04-02-11:国民经济-支出法国内生产总值结构-存货增加占资本形成总额比例(%)","01-02-05:金融信息-存款利率-定期存款整存整取(五年)"
0.904799691248767,"04-02-11:国民经济-支出法国内生产总值结构-存货增加占资本形成总额比例(%)","01-02-06:金融信息-存款利率-定期存款整存整取(半年)"
0.910757347023868,"04-02-11:国民经济-支出法国内生产总值结构-存货增加占资本形成总额比例(%)","01-02-08:金融信息-存款利率-活期存款(不定期)"
0.921550045206115,"04-02-11:国民经济-支出法国内生产总值结构-存货增加占资本形成总额比例(%)","01-03-02:金融信息-贷款利率-个人住房商业贷款(一至三年)"
0.92000368078411,"04-02-11:国民经济-支出法国内生产总值结构-存货增加占资本形成总额比例(%)","01-03-04:金融信息-贷款利率-个人住房商业贷款(三至五年)"
0.921671693546655,"04-02-11:国民经济-支出法国内生产总值结构-存货增加占资本形成总额比例(%)","01-03-05:金融信息-贷款利率-个人住房商业贷款(五年以上)"
0.923456964314677,"04-02-11:国民经济-支出法国内生产总值结构-存货增加占资本形成总额比例(%)","01-03-06:金融信息-贷款利率-个人住房商业贷款(六个月以内)"
0.919119356739362,"04-02-11:国民经济-支出法国内生产总值结构-存货增加占资本形成总额比例(%)","01-03-07:金融信息-贷款利率-个人住房商业贷款(六个月至一年)"
0.921739340834618,"04-02-11:国民经济-支出法国内生产总值结构-存货增加占资本形成总额比例(%)","01-03-08:金融信息-贷款利率-中长期贷款(一至三年)"
0.91993572421161,"04-02-11:国民经济-支出法国内生产总值结构-存货增加占资本形成总额比例(%)","01-03-09:金融信息-贷款利率-中长期贷款(三至五年)"
0.921565500575004,"04-02-11:国民经济-支出法国内生产总值结构-存货增加占资本形成总额比例(%)","01-03-10:金融信息-贷款利率-中长期贷款(五年以上)"
0.913702113757503,"04-02-11:国民经济-支出法国内生产总值结构-存货增加占资本形成总额比例(%)","01-03-16:金融信息-贷款利率-优惠贷款(民政部门福利工厂贷款)"
0.908300511949093,"04-02-11:国民经济-支出法国内生产总值结构-存货增加占资本形成总额比例(%)","01-03-17:金融信息-贷款利率-优惠贷款(民族贸易及民族用品生产贷款)"
0.918199391049836,"04-02-11:国民经济-支出法国内生产总值结构-存货增加占资本形成总额比例(%)","01-03-20:金融信息-贷款利率-优惠贷款(老少边穷发展经济贷款)"
0.918199391049836,"04-02-11:国民经济-支出法国内生产总值结构-存货增加占资本形成总额比例(%)","01-03-21:金融信息-贷款利率-优惠贷款(贫困县办工业贷款)"
0.923442794255294,"04-02-11:国民经济-支出法国内生产总值结构-存货增加占资本形成总额比例(%)","01-03-26:金融信息-贷款利率-短期贷款(六个月以内)"
0.918901998959232,"04-02-11:国民经济-支出法国内生产总值结构-存货增加占资本形成总额比例(%)","01-03-27:金融信息-贷款利率-短期贷款(六个月至一年)"
0.982624140147915,"06-00-00:居民收入-全国城镇居民收入与物价信心指数-当期收入感受指数","06-00-01:居民收入-全国城镇居民收入与物价信心指数-未来收入信心指数"
0.900639760154582,"06-00-00:居民收入-全国城镇居民收入与物价信心指数-当期收入感受指数","06-00-03:居民收入-全国城镇居民收入与物价信心指数-未来物价预期指数"
0.921835432819397,"06-00-01:居民收入-全国城镇居民收入与物价信心指数-未来收入信心指数","06-00-03:居民收入-全国城镇居民收入与物价信心指数-未来物价预期指数"
0.982477245675985,"08-05-00:景气指数-中国制造业采购经理指数(PMI)-PMI","08-05-01:景气指数-中国制造业采购经理指数(PMI)-生产指数"
0.983064870460326,"08-05-00:景气指数-中国制造业采购经理指数(PMI)-PMI","08-05-02:景气指数-中国制造业采购经理指数(PMI)-新订单指数"
0.915652779241374,"08-05-00:景气指数-中国制造业采购经理指数(PMI)-PMI","08-05-03:景气指数-中国制造业采购经理指数(PMI)-新出口订单指数"
0.915524524803109,"08-05-00:景气指数-中国制造业采购经理指数(PMI)-PMI","08-05-04:景气指数-中国制造业采购经理指数(PMI)-积压订单指数"
0.971972108218304,"08-05-00:景气指数-中国制造业采购经理指数(PMI)-PMI","08-05-06:景气指数-中国制造业采购经理指数(PMI)-采购量指数"
0.92777677389862,"08-05-00:景气指数-中国制造业采购经理指数(PMI)-PMI","08-05-07:景气指数-中国制造业采购经理指数(PMI)-进口指数"
0.962302273523144,"08-05-01:景气指数-中国制造业采购经理指数(PMI)-生产指数","08-05-02:景气指数-中国制造业采购经理指数(PMI)-新订单指数"
0.952633352562736,"08-05-01:景气指数-中国制造业采购经理指数(PMI)-生产指数","08-05-06:景气指数-中国制造业采购经理指数(PMI)-采购量指数"
0.913538253510533,"08-05-02:景气指数-中国制造业采购经理指数(PMI)-新订单指数","08-05-03:景气指数-中国制造业采购经理指数(PMI)-新出口订单指数"
0.969435526041823,"08-05-02:景气指数-中国制造业采购经理指数(PMI)-新订单指数","08-05-06:景气指数-中国制造业采购经理指数(PMI)-采购量指数"
0.91599579793677,"08-05-02:景气指数-中国制造业采购经理指数(PMI)-新订单指数","08-05-07:景气指数-中国制造业采购经理指数(PMI)-进口指数"
0.914369859526834,"08-05-03:景气指数-中国制造业采购经理指数(PMI)-新出口订单指数","08-05-07:景气指数-中国制造业采购经理指数(PMI)-进口指数"
0.926405032042665,"08-05-06:景气指数-中国制造业采购经理指数(PMI)-采购量指数","08-05-07:景气指数-中国制造业采购经理指数(PMI)-进口指数"
1,"08-06-00:景气指数-中国非制造业采购经理指数(PMI)-PMI","08-06-01:景气指数-中国非制造业采购经理指数(PMI)-商务活动指数"
0.951139867392954,"08-06-00:景气指数-中国非制造业采购经理指数(PMI)-PMI","08-06-02:景气指数-中国非制造业采购经理指数(PMI)-新订单指数"
0.951139867392954,"08-06-01:景气指数-中国非制造业采购经理指数(PMI)-商务活动指数","08-06-02:景气指数-中国非制造业采购经理指数(PMI)-新订单指数"
0.991954830801529,"01-01-00:金融信息-货币供应量-货币和准货币（广义货币M2）(亿元)","01-01-02:金融信息-货币供应量-货币(狭义货币M1)(亿元)"
0.977530105051858,"01-01-00:金融信息-货币供应量-货币和准货币（广义货币M2）(亿元)","01-01-04:金融信息-货币供应量-流通中现金(M0)(亿元)"
0.99151032506236,"01-01-00:金融信息-货币供应量-货币和准货币（广义货币M2）(亿元)","01-01-06:金融信息-货币供应量-活期存款(亿元)"
0.998750858172981,"01-01-00:金融信息-货币供应量-货币和准货币（广义货币M2）(亿元)","01-01-08:金融信息-货币供应量-准货币(亿元)"
0.99631917989685,"01-01-00:金融信息-货币供应量-货币和准货币（广义货币M2）(亿元)","01-01-10:金融信息-货币供应量-定期存款(亿元)"
0.998493206812058,"01-01-00:金融信息-货币供应量-货币和准货币（广义货币M2）(亿元)","01-01-12:金融信息-货币供应量-储蓄存款(亿元)"
0.908751915703822,"01-01-00:金融信息-货币供应量-货币和准货币（广义货币M2）(亿元)","01-01-14:金融信息-货币供应量-其他存款(亿元)"
0.94780634638815,"01-01-00:金融信息-货币供应量-货币和准货币（广义货币M2）(亿元)","01-05-00:金融信息-央行黄金和外汇储备-黄金储备(万盎司)"
0.956030931456417,"01-01-00:金融信息-货币供应量-货币和准货币（广义货币M2）(亿元)","01-05-01:金融信息-央行黄金和外汇储备-国家外汇储备(亿美元)"
0.984699350274035,"01-01-02:金融信息-货币供应量-货币(狭义货币M1)(亿元)","01-01-04:金融信息-货币供应量-流通中现金(M0)(亿元)"
0.999391120370858,"01-01-02:金融信息-货币供应量-货币(狭义货币M1)(亿元)","01-01-06:金融信息-货币供应量-活期存款(亿元)"
0.984458168416438,"01-01-02:金融信息-货币供应量-货币(狭义货币M1)(亿元)","01-01-08:金融信息-货币供应量-准货币(亿元)"
0.982363230650872,"01-01-02:金融信息-货币供应量-货币(狭义货币M1)(亿元)","01-01-10:金融信息-货币供应量-定期存款(亿元)"
0.992509779173131,"01-01-02:金融信息-货币供应量-货币(狭义货币M1)(亿元)","01-01-12:金融信息-货币供应量-储蓄存款(亿元)"
0.953533568871542,"01-01-02:金融信息-货币供应量-货币(狭义货币M1)(亿元)","01-05-00:金融信息-央行黄金和外汇储备-黄金储备(万盎司)"
0.966169613555402,"01-01-02:金融信息-货币供应量-货币(狭义货币M1)(亿元)","01-05-01:金融信息-央行黄金和外汇储备-国家外汇储备(亿美元)"
-0.905859690875153,"01-01-02:金融信息-货币供应量-货币(狭义货币M1)(亿元)","01-09-01:金融信息-央行汇率-一美元折合人民币(期末数)(元)"
-0.908924054559152,"01-01-02:金融信息-货币供应量-货币(狭义货币M1)(亿元)","01-09-02:金融信息-央行汇率-一美元折合人民币(平均数)(元)"
0.978159197291731,"01-01-04:金融信息-货币供应量-流通中现金(M0)(亿元)","01-01-06:金融信息-货币供应量-活期存款(亿元)"
0.970686550990491,"01-01-04:金融信息-货币供应量-流通中现金(M0)(亿元)","01-01-08:金融信息-货币供应量-准货币(亿元)"
0.966785651494538,"01-01-04:金融信息-货币供应量-流通中现金(M0)(亿元)","01-01-10:金融信息-货币供应量-定期存款(亿元)"
0.984743194959181,"01-01-04:金融信息-货币供应量-流通中现金(M0)(亿元)","01-01-12:金融信息-货币供应量-储蓄存款(亿元)"
0.911724992777665,"01-01-04:金融信息-货币供应量-流通中现金(M0)(亿元)","01-05-00:金融信息-央行黄金和外汇储备-黄金储备(万盎司)"
0.973234486965409,"01-01-04:金融信息-货币供应量-流通中现金(M0)(亿元)","01-05-01:金融信息-央行黄金和外汇储备-国家外汇储备(亿美元)"
-0.929319306335193,"01-01-04:金融信息-货币供应量-流通中现金(M0)(亿元)","01-09-01:金融信息-央行汇率-一美元折合人民币(期末数)(元)"
-0.931670543384097,"01-01-04:金融信息-货币供应量-流通中现金(M0)(亿元)","01-09-02:金融信息-央行汇率-一美元折合人民币(平均数)(元)"
0.984019080962837,"01-01-06:金融信息-货币供应量-活期存款(亿元)","01-01-08:金融信息-货币供应量-准货币(亿元)"
0.982438221205761,"01-01-06:金融信息-货币供应量-活期存款(亿元)","01-01-10:金融信息-货币供应量-定期存款(亿元)"
0.990703531595675,"01-01-06:金融信息-货币供应量-活期存款(亿元)","01-01-12:金融信息-货币供应量-储蓄存款(亿元)"
0.958231510495713,"01-01-06:金融信息-货币供应量-活期存款(亿元)","01-05-00:金融信息-央行黄金和外汇储备-黄金储备(万盎司)"
0.961507403661493,"01-01-06:金融信息-货币供应量-活期存款(亿元)","01-05-01:金融信息-央行黄金和外汇储备-国家外汇储备(亿美元)"
-0.900705712458819,"01-01-06:金融信息-货币供应量-活期存款(亿元)","01-09-02:金融信息-央行汇率-一美元折合人民币(平均数)(元)"
0.997280001886862,"01-01-08:金融信息-货币供应量-准货币(亿元)","01-01-10:金融信息-货币供应量-定期存款(亿元)"
0.996575956245571,"01-01-08:金融信息-货币供应量-准货币(亿元)","01-01-12:金融信息-货币供应量-储蓄存款(亿元)"
0.92373615214674,"01-01-08:金融信息-货币供应量-准货币(亿元)","01-01-14:金融信息-货币供应量-其他存款(亿元)"
0.941140906544232,"01-01-08:金融信息-货币供应量-准货币(亿元)","01-05-00:金融信息-央行黄金和外汇储备-黄金储备(万盎司)"
0.947750714193401,"01-01-08:金融信息-货币供应量-准货币(亿元)","01-05-01:金融信息-央行黄金和外汇储备-国家外汇储备(亿美元)"
0.916151406549419,"01-01-09:金融信息-货币供应量-准货币同比增长(%)","01-01-11:金融信息-货币供应量-定期存款同比增长(%)"
0.935591150681035,"01-01-09:金融信息-货币供应量-准货币同比增长(%)","01-01-13:金融信息-货币供应量-储蓄存款同比增长(%)"
0.993844596823156,"01-01-10:金融信息-货币供应量-定期存款(亿元)","01-01-12:金融信息-货币供应量-储蓄存款(亿元)"
0.90890648538068,"01-01-10:金融信息-货币供应量-定期存款(亿元)","01-01-14:金融信息-货币供应量-其他存款(亿元)"
0.935154305610593,"01-01-10:金融信息-货币供应量-定期存款(亿元)","01-05-00:金融信息-央行黄金和外汇储备-黄金储备(万盎司)"
0.956788224437613,"01-01-10:金融信息-货币供应量-定期存款(亿元)","01-05-01:金融信息-央行黄金和外汇储备-国家外汇储备(亿美元)"
0.93898647098216,"01-01-12:金融信息-货币供应量-储蓄存款(亿元)","01-05-00:金融信息-央行黄金和外汇储备-黄金储备(万盎司)"
0.964421188721124,"01-01-12:金融信息-货币供应量-储蓄存款(亿元)","01-05-01:金融信息-央行黄金和外汇储备-国家外汇储备(亿美元)"
-0.901712822629646,"01-01-12:金融信息-货币供应量-储蓄存款(亿元)","01-09-02:金融信息-央行汇率-一美元折合人民币(平均数)(元)"
0.962199534141361,"01-02-00:金融信息-存款利率-协定存款(定期)","01-02-08:金融信息-存款利率-活期存款(不定期)"
0.996066497809301,"01-02-00:金融信息-存款利率-协定存款(定期)","01-02-09:金融信息-存款利率-通知存款(一天)"
0.998456736373728,"01-02-00:金融信息-存款利率-协定存款(定期)","01-02-10:金融信息-存款利率-通知存款(七天)"
0.946217674035909,"01-02-01:金融信息-存款利率-定期存款整存整取(一年)","01-02-02:金融信息-存款利率-定期存款整存整取(三个月)"
0.993433932160837,"01-02-01:金融信息-存款利率-定期存款整存整取(一年)","01-02-03:金融信息-存款利率-定期存款整存整取(三年)"
0.997659161884136,"01-02-01:金融信息-存款利率-定期存款整存整取(一年)","01-02-04:金融信息-存款利率-定期存款整存整取(二年)"
0.988613788720327,"01-02-01:金融信息-存款利率-定期存款整存整取(一年)","01-02-05:金融信息-存款利率-定期存款整存整取(五年)"
0.992723230669953,"01-02-01:金融信息-存款利率-定期存款整存整取(一年)","01-02-06:金融信息-存款利率-定期存款整存整取(半年)"
0.946314454627487,"01-02-01:金融信息-存款利率-定期存款整存整取(一年)","01-02-08:金融信息-存款利率-活期存款(不定期)"
0.995129559461922,"01-02-01:金融信息-存款利率-定期存款整存整取(一年)","01-02-11:金融信息-存款利率-零存整取、整存零取、存本取息定期存款(一年)"
0.998644930299368,"01-02-01:金融信息-存款利率-定期存款整存整取(一年)","01-02-12:金融信息-存款利率-零存整取、整存零取、存本取息定期存款(三年)"
0.976511706185657,"01-02-01:金融信息-存款利率-定期存款整存整取(一年)","01-03-02:金融信息-贷款利率-个人住房商业贷款(一至三年)"
0.981128933063457,"01-02-01:金融信息-存款利率-定期存款整存整取(一年)","01-03-04:金融信息-贷款利率-个人住房商业贷款(三至五年)"
0.97665592878469,"01-02-01:金融信息-存款利率-定期存款整存整取(一年)","01-03-05:金融信息-贷款利率-个人住房商业贷款(五年以上)"
0.954283134600759,"01-02-01:金融信息-存款利率-定期存款整存整取(一年)","01-03-06:金融信息-贷款利率-个人住房商业贷款(六个月以内)"
0.972567119201056,"01-02-01:金融信息-存款利率-定期存款整存整取(一年)","01-03-07:金融信息-贷款利率-个人住房商业贷款(六个月至一年)"
0.976482785137467,"01-02-01:金融信息-存款利率-定期存款整存整取(一年)","01-03-08:金融信息-贷款利率-中长期贷款(一至三年)"
0.981144605803775,"01-02-01:金融信息-存款利率-定期存款整存整取(一年)","01-03-09:金融信息-贷款利率-中长期贷款(三至五年)"
0.976633344768932,"01-02-01:金融信息-存款利率-定期存款整存整取(一年)","01-03-10:金融信息-贷款利率-中长期贷款(五年以上)"
0.931002484342118,"01-02-01:金融信息-存款利率-定期存款整存整取(一年)","01-03-16:金融信息-贷款利率-优惠贷款(民政部门福利工厂贷款)"
0.931005448522139,"01-02-01:金融信息-存款利率-定期存款整存整取(一年)","01-03-17:金融信息-贷款利率-优惠贷款(民族贸易及民族用品生产贷款)"
0.932869264941321,"01-02-01:金融信息-存款利率-定期存款整存整取(一年)","01-03-20:金融信息-贷款利率-优惠贷款(老少边穷发展经济贷款)"
0.932869264941321,"01-02-01:金融信息-存款利率-定期存款整存整取(一年)","01-03-21:金融信息-贷款利率-优惠贷款(贫困县办工业贷款)"
0.954238292475902,"01-02-01:金融信息-存款利率-定期存款整存整取(一年)","01-03-26:金融信息-贷款利率-短期贷款(六个月以内)"
0.972466226080386,"01-02-01:金融信息-存款利率-定期存款整存整取(一年)","01-03-27:金融信息-贷款利率-短期贷款(六个月至一年)"
0.956711711687754,"01-02-02:金融信息-存款利率-定期存款整存整取(三个月)","01-02-03:金融信息-存款利率-定期存款整存整取(三年)"
0.955070984769134,"01-02-02:金融信息-存款利率-定期存款整存整取(三个月)","01-02-04:金融信息-存款利率-定期存款整存整取(二年)"
0.958393606193333,"01-02-02:金融信息-存款利率-定期存款整存整取(三个月)","01-02-05:金融信息-存款利率-定期存款整存整取(五年)"
0.977631116200546,"01-02-02:金融信息-存款利率-定期存款整存整取(三个月)","01-02-06:金融信息-存款利率-定期存款整存整取(半年)"
1,"01-02-02:金融信息-存款利率-定期存款整存整取(三个月)","01-02-11:金融信息-存款利率-零存整取、整存零取、存本取息定期存款(一年)"
0.99890926431717,"01-02-02:金融信息-存款利率-定期存款整存整取(三个月)","01-02-12:金融信息-存款利率-零存整取、整存零取、存本取息定期存款(三年)"
0.927970478572234,"01-02-02:金融信息-存款利率-定期存款整存整取(三个月)","01-03-02:金融信息-贷款利率-个人住房商业贷款(一至三年)"
0.939022126878841,"01-02-02:金融信息-存款利率-定期存款整存整取(三个月)","01-03-04:金融信息-贷款利率-个人住房商业贷款(三至五年)"
0.925928183310347,"01-02-02:金融信息-存款利率-定期存款整存整取(三个月)","01-03-05:金融信息-贷款利率-个人住房商业贷款(五年以上)"
0.922067593157208,"01-02-02:金融信息-存款利率-定期存款整存整取(三个月)","01-03-07:金融信息-贷款利率-个人住房商业贷款(六个月至一年)"
0.92778924370151,"01-02-02:金融信息-存款利率-定期存款整存整取(三个月)","01-03-08:金融信息-贷款利率-中长期贷款(一至三年)"
0.939079159727936,"01-02-02:金融信息-存款利率-定期存款整存整取(三个月)","01-03-09:金融信息-贷款利率-中长期贷款(三至五年)"
0.926018778226944,"01-02-02:金融信息-存款利率-定期存款整存整取(三个月)","01-03-10:金融信息-贷款利率-中长期贷款(五年以上)"
0.922181561986835,"01-02-02:金融信息-存款利率-定期存款整存整取(三个月)","01-03-27:金融信息-贷款利率-短期贷款(六个月至一年)"
0.998567928808084,"01-02-03:金融信息-存款利率-定期存款整存整取(三年)","01-02-04:金融信息-存款利率-定期存款整存整取(二年)"
0.997726352389334,"01-02-03:金融信息-存款利率-定期存款整存整取(三年)","01-02-05:金融信息-存款利率-定期存款整存整取(五年)"
0.99174867669458,"01-02-03:金融信息-存款利率-定期存款整存整取(三年)","01-02-06:金融信息-存款利率-定期存款整存整取(半年)"
0.914358364436571,"01-02-03:金融信息-存款利率-定期存款整存整取(三年)","01-02-08:金融信息-存款利率-活期存款(不定期)"
0.988147763266546,"01-02-03:金融信息-存款利率-定期存款整存整取(三年)","01-02-11:金融信息-存款利率-零存整取、整存零取、存本取息定期存款(一年)"
0.989214970493279,"01-02-03:金融信息-存款利率-定期存款整存整取(三年)","01-02-12:金融信息-存款利率-零存整取、整存零取、存本取息定期存款(三年)"
0.972446293567393,"01-02-03:金融信息-存款利率-定期存款整存整取(三年)","01-03-02:金融信息-贷款利率-个人住房商业贷款(一至三年)"
0.977789723304874,"01-02-03:金融信息-存款利率-定期存款整存整取(三年)","01-03-04:金融信息-贷款利率-个人住房商业贷款(三至五年)"
0.971695233545849,"01-02-03:金融信息-存款利率-定期存款整存整取(三年)","01-03-05:金融信息-贷款利率-个人住房商业贷款(五年以上)"
0.944983322384074,"01-02-03:金融信息-存款利率-定期存款整存整取(三年)","01-03-06:金融信息-贷款利率-个人住房商业贷款(六个月以内)"
0.968157284052265,"01-02-03:金融信息-存款利率-定期存款整存整取(三年)","01-03-07:金融信息-贷款利率-个人住房商业贷款(六个月至一年)"
0.972393991034227,"01-02-03:金融信息-存款利率-定期存款整存整取(三年)","01-03-08:金融信息-贷款利率-中长期贷款(一至三年)"
0.977823841148288,"01-02-03:金融信息-存款利率-定期存款整存整取(三年)","01-03-09:金融信息-贷款利率-中长期贷款(三至五年)"
0.97167881119341,"01-02-03:金融信息-存款利率-定期存款整存整取(三年)","01-03-10:金融信息-贷款利率-中长期贷款(五年以上)"
0.924901219596392,"01-02-03:金融信息-存款利率-定期存款整存整取(三年)","01-03-16:金融信息-贷款利率-优惠贷款(民政部门福利工厂贷款)"
0.928010774523483,"01-02-03:金融信息-存款利率-定期存款整存整取(三年)","01-03-17:金融信息-贷款利率-优惠贷款(民族贸易及民族用品生产贷款)"
0.925656435764914,"01-02-03:金融信息-存款利率-定期存款整存整取(三年)","01-03-20:金融信息-贷款利率-优惠贷款(老少边穷发展经济贷款)"
0.925656435764914,"01-02-03:金融信息-存款利率-定期存款整存整取(三年)","01-03-21:金融信息-贷款利率-优惠贷款(贫困县办工业贷款)"
0.944945877426875,"01-02-03:金融信息-存款利率-定期存款整存整取(三年)","01-03-26:金融信息-贷款利率-短期贷款(六个月以内)"
0.968065499261168,"01-02-03:金融信息-存款利率-定期存款整存整取(三年)","01-03-27:金融信息-贷款利率-短期贷款(六个月至一年)"
0.995216620979484,"01-02-04:金融信息-存款利率-定期存款整存整取(二年)","01-02-05:金融信息-存款利率-定期存款整存整取(五年)"
0.993952729815976,"01-02-04:金融信息-存款利率-定期存款整存整取(二年)","01-02-06:金融信息-存款利率-定期存款整存整取(半年)"
0.927635916898954,"01-02-04:金融信息-存款利率-定期存款整存整取(二年)","01-02-08:金融信息-存款利率-活期存款(不定期)"
0.99319710056681,"01-02-04:金融信息-存款利率-定期存款整存整取(二年)","01-02-11:金融信息-存款利率-零存整取、整存零取、存本取息定期存款(一年)"
0.995324459489558,"01-02-04:金融信息-存款利率-定期存款整存整取(二年)","01-02-12:金融信息-存款利率-零存整取、整存零取、存本取息定期存款(三年)"
0.974068431121221,"01-02-04:金融信息-存款利率-定期存款整存整取(二年)","01-03-02:金融信息-贷款利率-个人住房商业贷款(一至三年)"
0.979439894547997,"01-02-04:金融信息-存款利率-定期存款整存整取(二年)","01-03-04:金融信息-贷款利率-个人住房商业贷款(三至五年)"
0.973923249255768,"01-02-04:金融信息-存款利率-定期存款整存整取(二年)","01-03-05:金融信息-贷款利率-个人住房商业贷款(五年以上)"
0.948791479235789,"01-02-04:金融信息-存款利率-定期存款整存整取(二年)","01-03-06:金融信息-贷款利率-个人住房商业贷款(六个月以内)"
0.970108388708079,"01-02-04:金融信息-存款利率-定期存款整存整取(二年)","01-03-07:金融信息-贷款利率-个人住房商业贷款(六个月至一年)"
0.974016030970516,"01-02-04:金融信息-存款利率-定期存款整存整取(二年)","01-03-08:金融信息-贷款利率-中长期贷款(一至三年)"
0.979467853803879,"01-02-04:金融信息-存款利率-定期存款整存整取(二年)","01-03-09:金融信息-贷款利率-中长期贷款(三至五年)"
0.97391573678671,"01-02-04:金融信息-存款利率-定期存款整存整取(二年)","01-03-10:金融信息-贷款利率-中长期贷款(五年以上)"
0.926351896494099,"01-02-04:金融信息-存款利率-定期存款整存整取(二年)","01-03-16:金融信息-贷款利率-优惠贷款(民政部门福利工厂贷款)"
0.92911197631657,"01-02-04:金融信息-存款利率-定期存款整存整取(二年)","01-03-17:金融信息-贷款利率-优惠贷款(民族贸易及民族用品生产贷款)"
0.92784593675616,"01-02-04:金融信息-存款利率-定期存款整存整取(二年)","01-03-20:金融信息-贷款利率-优惠贷款(老少边穷发展经济贷款)"
0.92784593675616,"01-02-04:金融信息-存款利率-定期存款整存整取(二年)","01-03-21:金融信息-贷款利率-优惠贷款(贫困县办工业贷款)"
0.948750964671151,"01-02-04:金融信息-存款利率-定期存款整存整取(二年)","01-03-26:金融信息-贷款利率-短期贷款(六个月以内)"
0.97001245043449,"01-02-04:金融信息-存款利率-定期存款整存整取(二年)","01-03-27:金融信息-贷款利率-短期贷款(六个月至一年)"
0.989431820243996,"01-02-05:金融信息-存款利率-定期存款整存整取(五年)","01-02-06:金融信息-存款利率-定期存款整存整取(半年)"
0.909331368185352,"01-02-05:金融信息-存款利率-定期存款整存整取(五年)","01-02-08:金融信息-存款利率-活期存款(不定期)"
0.957697160368684,"01-02-05:金融信息-存款利率-定期存款整存整取(五年)","01-02-13:金融信息-存款利率-零存整取、整存零取、存本取息定期存款(五年)"
0.965734264440784,"01-02-05:金融信息-存款利率-定期存款整存整取(五年)","01-03-02:金融信息-贷款利率-个人住房商业贷款(一至三年)"
0.972085571356063,"01-02-05:金融信息-存款利率-定期存款整存整取(五年)","01-03-04:金融信息-贷款利率-个人住房商业贷款(三至五年)"
0.964989356410684,"01-02-05:金融信息-存款利率-定期存款整存整取(五年)","01-03-05:金融信息-贷款利率-个人住房商业贷款(五年以上)"
0.932413367760343,"01-02-05:金融信息-存款利率-定期存款整存整取(五年)","01-03-06:金融信息-贷款利率-个人住房商业贷款(六个月以内)"
0.958098100647048,"01-02-05:金融信息-存款利率-定期存款整存整取(五年)","01-03-07:金融信息-贷款利率-个人住房商业贷款(六个月至一年)"
0.96567983272747,"01-02-05:金融信息-存款利率-定期存款整存整取(五年)","01-03-08:金融信息-贷款利率-中长期贷款(一至三年)"
0.972134350637857,"01-02-05:金融信息-存款利率-定期存款整存整取(五年)","01-03-09:金融信息-贷款利率-中长期贷款(三至五年)"
0.964984042830149,"01-02-05:金融信息-存款利率-定期存款整存整取(五年)","01-03-10:金融信息-贷款利率-中长期贷款(五年以上)"
0.917364130259008,"01-02-05:金融信息-存款利率-定期存款整存整取(五年)","01-03-16:金融信息-贷款利率-优惠贷款(民政部门福利工厂贷款)"
0.922208270372632,"01-02-05:金融信息-存款利率-定期存款整存整取(五年)","01-03-17:金融信息-贷款利率-优惠贷款(民族贸易及民族用品生产贷款)"
0.918563520507661,"01-02-05:金融信息-存款利率-定期存款整存整取(五年)","01-03-20:金融信息-贷款利率-优惠贷款(老少边穷发展经济贷款)"
0.918563520507661,"01-02-05:金融信息-存款利率-定期存款整存整取(五年)","01-03-21:金融信息-贷款利率-优惠贷款(贫困县办工业贷款)"
0.932342456475692,"01-02-05:金融信息-存款利率-定期存款整存整取(五年)","01-03-26:金融信息-贷款利率-短期贷款(六个月以内)"
0.958001901362762,"01-02-05:金融信息-存款利率-定期存款整存整取(五年)","01-03-27:金融信息-贷款利率-短期贷款(六个月至一年)"
0.940421397475618,"01-02-06:金融信息-存款利率-定期存款整存整取(半年)","01-02-08:金融信息-存款利率-活期存款(不定期)"
0.99890926431717,"01-02-06:金融信息-存款利率-定期存款整存整取(半年)","01-02-11:金融信息-存款利率-零存整取、整存零取、存本取息定期存款(一年)"
1,"01-02-06:金融信息-存款利率-定期存款整存整取(半年)","01-02-12:金融信息-存款利率-零存整取、整存零取、存本取息定期存款(三年)"
0.97068748033054,"01-02-06:金融信息-存款利率-定期存款整存整取(半年)","01-03-02:金融信息-贷款利率-个人住房商业贷款(一至三年)"
0.978130744485589,"01-02-06:金融信息-存款利率-定期存款整存整取(半年)","01-03-04:金融信息-贷款利率-个人住房商业贷款(三至五年)"
0.970360473703741,"01-02-06:金融信息-存款利率-定期存款整存整取(半年)","01-03-05:金融信息-贷款利率-个人住房商业贷款(五年以上)"
0.935750156049108,"01-02-06:金融信息-存款利率-定期存款整存整取(半年)","01-03-06:金融信息-贷款利率-个人住房商业贷款(六个月以内)"
0.965125230572834,"01-02-06:金融信息-存款利率-定期存款整存整取(半年)","01-03-07:金融信息-贷款利率-个人住房商业贷款(六个月至一年)"
0.970605298206544,"01-02-06:金融信息-存款利率-定期存款整存整取(半年)","01-03-08:金融信息-贷款利率-中长期贷款(一至三年)"
0.978169078905335,"01-02-06:金融信息-存款利率-定期存款整存整取(半年)","01-03-09:金融信息-贷款利率-中长期贷款(三至五年)"
0.970374959199996,"01-02-06:金融信息-存款利率-定期存款整存整取(半年)","01-03-10:金融信息-贷款利率-中长期贷款(五年以上)"
0.910363527533767,"01-02-06:金融信息-存款利率-定期存款整存整取(半年)","01-03-16:金融信息-贷款利率-优惠贷款(民政部门福利工厂贷款)"
0.912117145418652,"01-02-06:金融信息-存款利率-定期存款整存整取(半年)","01-03-17:金融信息-贷款利率-优惠贷款(民族贸易及民族用品生产贷款)"
0.911888853342406,"01-02-06:金融信息-存款利率-定期存款整存整取(半年)","01-03-20:金融信息-贷款利率-优惠贷款(老少边穷发展经济贷款)"
0.911888853342406,"01-02-06:金融信息-存款利率-定期存款整存整取(半年)","01-03-21:金融信息-贷款利率-优惠贷款(贫困县办工业贷款)"
0.935688962644136,"01-02-06:金融信息-存款利率-定期存款整存整取(半年)","01-03-26:金融信息-贷款利率-短期贷款(六个月以内)"
0.965107639896428,"01-02-06:金融信息-存款利率-定期存款整存整取(半年)","01-03-27:金融信息-贷款利率-短期贷款(六个月至一年)"
0.980017930597933,"01-02-08:金融信息-存款利率-活期存款(不定期)","01-02-09:金融信息-存款利率-通知存款(一天)"
0.948057621297271,"01-02-08:金融信息-存款利率-活期存款(不定期)","01-02-10:金融信息-存款利率-通知存款(七天)"
0.941536569800233,"01-02-08:金融信息-存款利率-活期存款(不定期)","01-03-02:金融信息-贷款利率-个人住房商业贷款(一至三年)"
0.948096280189163,"01-02-08:金融信息-存款利率-活期存款(不定期)","01-03-04:金融信息-贷款利率-个人住房商业贷款(三至五年)"
0.946793094775108,"01-02-08:金融信息-存款利率-活期存款(不定期)","01-03-05:金融信息-贷款利率-个人住房商业贷款(五年以上)"
0.905190408776682,"01-02-08:金融信息-存款利率-活期存款(不定期)","01-03-06:金融信息-贷款利率-个人住房商业贷款(六个月以内)"
0.926459978619438,"01-02-08:金融信息-存款利率-活期存款(不定期)","01-03-07:金融信息-贷款利率-个人住房商业贷款(六个月至一年)"
0.941550871411783,"01-02-08:金融信息-存款利率-活期存款(不定期)","01-03-08:金融信息-贷款利率-中长期贷款(一至三年)"
0.948110272039648,"01-02-08:金融信息-存款利率-活期存款(不定期)","01-03-09:金融信息-贷款利率-中长期贷款(三至五年)"
0.946751823469953,"01-02-08:金融信息-存款利率-活期存款(不定期)","01-03-10:金融信息-贷款利率-中长期贷款(五年以上)"
0.905061442276969,"01-02-08:金融信息-存款利率-活期存款(不定期)","01-03-26:金融信息-贷款利率-短期贷款(六个月以内)"
0.926497344200059,"01-02-08:金融信息-存款利率-活期存款(不定期)","01-03-27:金融信息-贷款利率-短期贷款(六个月至一年)"
0.990549590638052,"01-02-09:金融信息-存款利率-通知存款(一天)","01-02-10:金融信息-存款利率-通知存款(七天)"
0.99890926431717,"01-02-11:金融信息-存款利率-零存整取、整存零取、存本取息定期存款(一年)","01-02-12:金融信息-存款利率-零存整取、整存零取、存本取息定期存款(三年)"
0.985483235976802,"01-02-11:金融信息-存款利率-零存整取、整存零取、存本取息定期存款(一年)","01-03-00:金融信息-贷款利率-个人住房公积金贷款(五年以上)"
0.990663908643322,"01-02-11:金融信息-存款利率-零存整取、整存零取、存本取息定期存款(一年)","01-03-01:金融信息-贷款利率-个人住房公积金贷款(五年以下)"
0.998023627163315,"01-02-11:金融信息-存款利率-零存整取、整存零取、存本取息定期存款(一年)","01-03-02:金融信息-贷款利率-个人住房商业贷款(一至三年)"
0.967901566076874,"01-02-11:金融信息-存款利率-零存整取、整存零取、存本取息定期存款(一年)","01-03-04:金融信息-贷款利率-个人住房商业贷款(三至五年)"
0.959303518811115,"01-02-11:金融信息-存款利率-零存整取、整存零取、存本取息定期存款(一年)","01-03-05:金融信息-贷款利率-个人住房商业贷款(五年以上)"
0.992356002468053,"01-02-11:金融信息-存款利率-零存整取、整存零取、存本取息定期存款(一年)","01-03-06:金融信息-贷款利率-个人住房商业贷款(六个月以内)"
0.975091406724067,"01-02-11:金融信息-存款利率-零存整取、整存零取、存本取息定期存款(一年)","01-03-07:金融信息-贷款利率-个人住房商业贷款(六个月至一年)"
0.997898576321311,"01-02-11:金融信息-存款利率-零存整取、整存零取、存本取息定期存款(一年)","01-03-08:金融信息-贷款利率-中长期贷款(一至三年)"
0.967261618779132,"01-02-11:金融信息-存款利率-零存整取、整存零取、存本取息定期存款(一年)","01-03-09:金融信息-贷款利率-中长期贷款(三至五年)"
0.960718121995499,"01-02-11:金融信息-存款利率-零存整取、整存零取、存本取息定期存款(一年)","01-03-10:金融信息-贷款利率-中长期贷款(五年以上)"
0.992585466447711,"01-02-11:金融信息-存款利率-零存整取、整存零取、存本取息定期存款(一年)","01-03-26:金融信息-贷款利率-短期贷款(六个月以内)"
0.974871335487903,"01-02-11:金融信息-存款利率-零存整取、整存零取、存本取息定期存款(一年)","01-03-27:金融信息-贷款利率-短期贷款(六个月至一年)"
0.991531902624686,"01-02-12:金融信息-存款利率-零存整取、整存零取、存本取息定期存款(三年)","01-03-00:金融信息-贷款利率-个人住房公积金贷款(五年以上)"
0.995247110398833,"01-02-12:金融信息-存款利率-零存整取、整存零取、存本取息定期存款(三年)","01-03-01:金融信息-贷款利率-个人住房公积金贷款(五年以下)"
0.998821235193939,"01-02-12:金融信息-存款利率-零存整取、整存零取、存本取息定期存款(三年)","01-03-02:金融信息-贷款利率-个人住房商业贷款(一至三年)"
0.977964110833306,"01-02-12:金融信息-存款利率-零存整取、整存零取、存本取息定期存款(三年)","01-03-04:金融信息-贷款利率-个人住房商业贷款(三至五年)"
0.97088250204742,"01-02-12:金融信息-存款利率-零存整取、整存零取、存本取息定期存款(三年)","01-03-05:金融信息-贷款利率-个人住房商业贷款(五年以上)"
0.989711443707544,"01-02-12:金融信息-存款利率-零存整取、整存零取、存本取息定期存款(三年)","01-03-06:金融信息-贷款利率-个人住房商业贷款(六个月以内)"
0.983936335214138,"01-02-12:金融信息-存款利率-零存整取、整存零取、存本取息定期存款(三年)","01-03-07:金融信息-贷款利率-个人住房商业贷款(六个月至一年)"
0.998738078432408,"01-02-12:金融信息-存款利率-零存整取、整存零取、存本取息定期存款(三年)","01-03-08:金融信息-贷款利率-中长期贷款(一至三年)"
0.977435837167264,"01-02-12:金融信息-存款利率-零存整取、整存零取、存本取息定期存款(三年)","01-03-09:金融信息-贷款利率-中长期贷款(三至五年)"
0.972032605992861,"01-02-12:金融信息-存款利率-零存整取、整存零取、存本取息定期存款(三年)","01-03-10:金融信息-贷款利率-中长期贷款(五年以上)"
0.990096342737727,"01-02-12:金融信息-存款利率-零存整取、整存零取、存本取息定期存款(三年)","01-03-26:金融信息-贷款利率-短期贷款(六个月以内)"
0.983766784651895,"01-02-12:金融信息-存款利率-零存整取、整存零取、存本取息定期存款(三年)","01-03-27:金融信息-贷款利率-短期贷款(六个月至一年)"
0.97777793146477,"01-02-13:金融信息-存款利率-零存整取、整存零取、存本取息定期存款(五年)","01-03-16:金融信息-贷款利率-优惠贷款(民政部门福利工厂贷款)"
1,"01-02-13:金融信息-存款利率-零存整取、整存零取、存本取息定期存款(五年)","01-03-17:金融信息-贷款利率-优惠贷款(民族贸易及民族用品生产贷款)"
0.97777793146477,"01-02-13:金融信息-存款利率-零存整取、整存零取、存本取息定期存款(五年)","01-03-20:金融信息-贷款利率-优惠贷款(老少边穷发展经济贷款)"
0.97777793146477,"01-02-13:金融信息-存款利率-零存整取、整存零取、存本取息定期存款(五年)","01-03-21:金融信息-贷款利率-优惠贷款(贫困县办工业贷款)"
-0.902209719755804,"01-02-13:金融信息-存款利率-零存整取、整存零取、存本取息定期存款(五年)","01-09-01:金融信息-央行汇率-一美元折合人民币(期末数)(元)"
0.995120139749781,"01-03-00:金融信息-贷款利率-个人住房公积金贷款(五年以上)","01-03-01:金融信息-贷款利率-个人住房公积金贷款(五年以下)"
0.965180884948398,"01-03-00:金融信息-贷款利率-个人住房公积金贷款(五年以上)","01-03-02:金融信息-贷款利率-个人住房商业贷款(一至三年)"
0.950807458353617,"01-03-00:金融信息-贷款利率-个人住房公积金贷款(五年以上)","01-03-04:金融信息-贷款利率-个人住房商业贷款(三至五年)"
0.951712040791205,"01-03-00:金融信息-贷款利率-个人住房公积金贷款(五年以上)","01-03-05:金融信息-贷款利率-个人住房商业贷款(五年以上)"
0.979100982151484,"01-03-00:金融信息-贷款利率-个人住房公积金贷款(五年以上)","01-03-06:金融信息-贷款利率-个人住房商业贷款(六个月以内)"
0.972322062579338,"01-03-00:金融信息-贷款利率-个人住房公积金贷款(五年以上)","01-03-07:金融信息-贷款利率-个人住房商业贷款(六个月至一年)"
0.964522308643264,"01-03-00:金融信息-贷款利率-个人住房公积金贷款(五年以上)","01-03-08:金融信息-贷款利率-中长期贷款(一至三年)"
0.950198725113123,"01-03-00:金融信息-贷款利率-个人住房公积金贷款(五年以上)","01-03-09:金融信息-贷款利率-中长期贷款(三至五年)"
0.952030182623368,"01-03-00:金融信息-贷款利率-个人住房公积金贷款(五年以上)","01-03-10:金融信息-贷款利率-中长期贷款(五年以上)"
0.979337248122851,"01-03-00:金融信息-贷款利率-个人住房公积金贷款(五年以上)","01-03-26:金融信息-贷款利率-短期贷款(六个月以内)"
0.972810454826658,"01-03-00:金融信息-贷款利率-个人住房公积金贷款(五年以上)","01-03-27:金融信息-贷款利率-短期贷款(六个月至一年)"
0.949262332247166,"01-03-01:金融信息-贷款利率-个人住房公积金贷款(五年以下)","01-03-02:金融信息-贷款利率-个人住房商业贷款(一至三年)"
0.927930593345812,"01-03-01:金融信息-贷款利率-个人住房公积金贷款(五年以下)","01-03-04:金融信息-贷款利率-个人住房商业贷款(三至五年)"
0.928802922003719,"01-03-01:金融信息-贷款利率-个人住房公积金贷款(五年以下)","01-03-05:金融信息-贷款利率-个人住房商业贷款(五年以上)"
0.963949998854609,"01-03-01:金融信息-贷款利率-个人住房公积金贷款(五年以下)","01-03-06:金融信息-贷款利率-个人住房商业贷款(六个月以内)"
0.957113600422753,"01-03-01:金融信息-贷款利率-个人住房公积金贷款(五年以下)","01-03-07:金融信息-贷款利率-个人住房商业贷款(六个月至一年)"
0.94861711786323,"01-03-01:金融信息-贷款利率-个人住房公积金贷款(五年以下)","01-03-08:金融信息-贷款利率-中长期贷款(一至三年)"
0.927186493643914,"01-03-01:金融信息-贷款利率-个人住房公积金贷款(五年以下)","01-03-09:金融信息-贷款利率-中长期贷款(三至五年)"
0.929165547686919,"01-03-01:金融信息-贷款利率-个人住房公积金贷款(五年以下)","01-03-10:金融信息-贷款利率-中长期贷款(五年以上)"
0.964178443017522,"01-03-01:金融信息-贷款利率-个人住房公积金贷款(五年以下)","01-03-26:金融信息-贷款利率-短期贷款(六个月以内)"
0.957757757754703,"01-03-01:金融信息-贷款利率-个人住房公积金贷款(五年以下)","01-03-27:金融信息-贷款利率-短期贷款(六个月至一年)"
0.99804219365226,"01-03-02:金融信息-贷款利率-个人住房商业贷款(一至三年)","01-03-04:金融信息-贷款利率-个人住房商业贷款(三至五年)"
0.998158167147367,"01-03-02:金融信息-贷款利率-个人住房商业贷款(一至三年)","01-03-05:金融信息-贷款利率-个人住房商业贷款(五年以上)"
0.980380536742387,"01-03-02:金融信息-贷款利率-个人住房商业贷款(一至三年)","01-03-06:金融信息-贷款利率-个人住房商业贷款(六个月以内)"
0.99502666584296,"01-03-02:金融信息-贷款利率-个人住房商业贷款(一至三年)","01-03-07:金融信息-贷款利率-个人住房商业贷款(六个月至一年)"
0.999999033744516,"01-03-02:金融信息-贷款利率-个人住房商业贷款(一至三年)","01-03-08:金融信息-贷款利率-中长期贷款(一至三年)"
0.998010441298382,"01-03-02:金融信息-贷款利率-个人住房商业贷款(一至三年)","01-03-09:金融信息-贷款利率-中长期贷款(三至五年)"
0.998164857019231,"01-03-02:金融信息-贷款利率-个人住房商业贷款(一至三年)","01-03-10:金融信息-贷款利率-中长期贷款(五年以上)"
0.968164212187974,"01-03-02:金融信息-贷款利率-个人住房商业贷款(一至三年)","01-03-16:金融信息-贷款利率-优惠贷款(民政部门福利工厂贷款)"
0.963545136128032,"01-03-02:金融信息-贷款利率-个人住房商业贷款(一至三年)","01-03-17:金融信息-贷款利率-优惠贷款(民族贸易及民族用品生产贷款)"
0.966601769745618,"01-03-02:金融信息-贷款利率-个人住房商业贷款(一至三年)","01-03-20:金融信息-贷款利率-优惠贷款(老少边穷发展经济贷款)"
0.966601769745618,"01-03-02:金融信息-贷款利率-个人住房商业贷款(一至三年)","01-03-21:金融信息-贷款利率-优惠贷款(贫困县办工业贷款)"
0.980355619219852,"01-03-02:金融信息-贷款利率-个人住房商业贷款(一至三年)","01-03-26:金融信息-贷款利率-短期贷款(六个月以内)"
0.995024891082114,"01-03-02:金融信息-贷款利率-个人住房商业贷款(一至三年)","01-03-27:金融信息-贷款利率-短期贷款(六个月至一年)"
0.998924419024072,"01-03-04:金融信息-贷款利率-个人住房商业贷款(三至五年)","01-03-05:金融信息-贷款利率-个人住房商业贷款(五年以上)"
0.970026445296637,"01-03-04:金融信息-贷款利率-个人住房商业贷款(三至五年)","01-03-06:金融信息-贷款利率-个人住房商业贷款(六个月以内)"
0.989938530610524,"01-03-04:金融信息-贷款利率-个人住房商业贷款(三至五年)","01-03-07:金融信息-贷款利率-个人住房商业贷款(六个月至一年)"
0.998026905640033,"01-03-04:金融信息-贷款利率-个人住房商业贷款(三至五年)","01-03-08:金融信息-贷款利率-中长期贷款(一至三年)"
0.999999370340378,"01-03-04:金融信息-贷款利率-个人住房商业贷款(三至五年)","01-03-09:金融信息-贷款利率-中长期贷款(三至五年)"
0.998929587236573,"01-03-04:金融信息-贷款利率-个人住房商业贷款(三至五年)","01-03-10:金融信息-贷款利率-中长期贷款(五年以上)"
0.957162545178455,"01-03-04:金融信息-贷款利率-个人住房商业贷款(三至五年)","01-03-16:金融信息-贷款利率-优惠贷款(民政部门福利工厂贷款)"
0.953368223286809,"01-03-04:金融信息-贷款利率-个人住房商业贷款(三至五年)","01-03-17:金融信息-贷款利率-优惠贷款(民族贸易及民族用品生产贷款)"
0.95667496277483,"01-03-04:金融信息-贷款利率-个人住房商业贷款(三至五年)","01-03-20:金融信息-贷款利率-优惠贷款(老少边穷发展经济贷款)"
0.95667496277483,"01-03-04:金融信息-贷款利率-个人住房商业贷款(三至五年)","01-03-21:金融信息-贷款利率-优惠贷款(贫困县办工业贷款)"
0.970000867214976,"01-03-04:金融信息-贷款利率-个人住房商业贷款(三至五年)","01-03-26:金融信息-贷款利率-短期贷款(六个月以内)"
0.989935232274083,"01-03-04:金融信息-贷款利率-个人住房商业贷款(三至五年)","01-03-27:金融信息-贷款利率-短期贷款(六个月至一年)"
0.972915432797017,"01-03-05:金融信息-贷款利率-个人住房商业贷款(五年以上)","01-03-06:金融信息-贷款利率-个人住房商业贷款(六个月以内)"
0.990306407766659,"01-03-05:金融信息-贷款利率-个人住房商业贷款(五年以上)","01-03-07:金融信息-贷款利率-个人住房商业贷款(六个月至一年)"
0.99816505430539,"01-03-05:金融信息-贷款利率-个人住房商业贷款(五年以上)","01-03-08:金融信息-贷款利率-中长期贷款(一至三年)"
0.99892791599291,"01-03-05:金融信息-贷款利率-个人住房商业贷款(五年以上)","01-03-09:金融信息-贷款利率-中长期贷款(三至五年)"
0.999999298620065,"01-03-05:金融信息-贷款利率-个人住房商业贷款(五年以上)","01-03-10:金融信息-贷款利率-中长期贷款(五年以上)"
0.960675234579447,"01-03-05:金融信息-贷款利率-个人住房商业贷款(五年以上)","01-03-16:金融信息-贷款利率-优惠贷款(民政部门福利工厂贷款)"
0.956024152095989,"01-03-05:金融信息-贷款利率-个人住房商业贷款(五年以上)","01-03-17:金融信息-贷款利率-优惠贷款(民族贸易及民族用品生产贷款)"
0.959974354358827,"01-03-05:金融信息-贷款利率-个人住房商业贷款(五年以上)","01-03-20:金融信息-贷款利率-优惠贷款(老少边穷发展经济贷款)"
0.959974354358827,"01-03-05:金融信息-贷款利率-个人住房商业贷款(五年以上)","01-03-21:金融信息-贷款利率-优惠贷款(贫困县办工业贷款)"
0.972900028926204,"01-03-05:金融信息-贷款利率-个人住房商业贷款(五年以上)","01-03-26:金融信息-贷款利率-短期贷款(六个月以内)"
0.990293225688627,"01-03-05:金融信息-贷款利率-个人住房商业贷款(五年以上)","01-03-27:金融信息-贷款利率-短期贷款(六个月至一年)"
0.989369909803644,"01-03-06:金融信息-贷款利率-个人住房商业贷款(六个月以内)","01-03-07:金融信息-贷款利率-个人住房商业贷款(六个月至一年)"
0.98036611338842,"01-03-06:金融信息-贷款利率-个人住房商业贷款(六个月以内)","01-03-08:金融信息-贷款利率-中长期贷款(一至三年)"
0.969896637427346,"01-03-06:金融信息-贷款利率-个人住房商业贷款(六个月以内)","01-03-09:金融信息-贷款利率-中长期贷款(三至五年)"
0.972908971981011,"01-03-06:金融信息-贷款利率-个人住房商业贷款(六个月以内)","01-03-10:金融信息-贷款利率-中长期贷款(五年以上)"
0.982834614545835,"01-03-06:金融信息-贷款利率-个人住房商业贷款(六个月以内)","01-03-16:金融信息-贷款利率-优惠贷款(民政部门福利工厂贷款)"
0.976474238009705,"01-03-06:金融信息-贷款利率-个人住房商业贷款(六个月以内)","01-03-17:金融信息-贷款利率-优惠贷款(民族贸易及民族用品生产贷款)"
0.977971401715072,"01-03-06:金融信息-贷款利率-个人住房商业贷款(六个月以内)","01-03-20:金融信息-贷款利率-优惠贷款(老少边穷发展经济贷款)"
0.977971401715072,"01-03-06:金融信息-贷款利率-个人住房商业贷款(六个月以内)","01-03-21:金融信息-贷款利率-优惠贷款(贫困县办工业贷款)"
0.999998502038844,"01-03-06:金融信息-贷款利率-个人住房商业贷款(六个月以内)","01-03-26:金融信息-贷款利率-短期贷款(六个月以内)"
0.989336383299073,"01-03-06:金融信息-贷款利率-个人住房商业贷款(六个月以内)","01-03-27:金融信息-贷款利率-短期贷款(六个月至一年)"
0.995007186414088,"01-03-07:金融信息-贷款利率-个人住房商业贷款(六个月至一年)","01-03-08:金融信息-贷款利率-中长期贷款(一至三年)"
0.989873918993727,"01-03-07:金融信息-贷款利率-个人住房商业贷款(六个月至一年)","01-03-09:金融信息-贷款利率-中长期贷款(三至五年)"
0.990290513723921,"01-03-07:金融信息-贷款利率-个人住房商业贷款(六个月至一年)","01-03-10:金融信息-贷款利率-中长期贷款(五年以上)"
0.973894084012635,"01-03-07:金融信息-贷款利率-个人住房商业贷款(六个月至一年)","01-03-16:金融信息-贷款利率-优惠贷款(民政部门福利工厂贷款)"
0.967858016756552,"01-03-07:金融信息-贷款利率-个人住房商业贷款(六个月至一年)","01-03-17:金融信息-贷款利率-优惠贷款(民族贸易及民族用品生产贷款)"
0.970631640561441,"01-03-07:金融信息-贷款利率-个人住房商业贷款(六个月至一年)","01-03-20:金融信息-贷款利率-优惠贷款(老少边穷发展经济贷款)"
0.970631640561441,"01-03-07:金融信息-贷款利率-个人住房商业贷款(六个月至一年)","01-03-21:金融信息-贷款利率-优惠贷款(贫困县办工业贷款)"
0.989396482557141,"01-03-07:金融信息-贷款利率-个人住房商业贷款(六个月至一年)","01-03-26:金融信息-贷款利率-短期贷款(六个月以内)"
0.999998992746485,"01-03-07:金融信息-贷款利率-个人住房商业贷款(六个月至一年)","01-03-27:金融信息-贷款利率-短期贷款(六个月至一年)"
0.997995545987275,"01-03-08:金融信息-贷款利率-中长期贷款(一至三年)","01-03-09:金融信息-贷款利率-中长期贷款(三至五年)"
0.998171381209479,"01-03-08:金融信息-贷款利率-中长期贷款(一至三年)","01-03-10:金融信息-贷款利率-中长期贷款(五年以上)"
0.96822549176494,"01-03-08:金融信息-贷款利率-中长期贷款(一至三年)","01-03-16:金融信息-贷款利率-优惠贷款(民政部门福利工厂贷款)"
0.963574454054954,"01-03-08:金融信息-贷款利率-中长期贷款(一至三年)","01-03-17:金融信息-贷款利率-优惠贷款(民族贸易及民族用品生产贷款)"
0.966671345155006,"01-03-08:金融信息-贷款利率-中长期贷款(一至三年)","01-03-20:金融信息-贷款利率-优惠贷款(老少边穷发展经济贷款)"
0.966671345155006,"01-03-08:金融信息-贷款利率-中长期贷款(一至三年)","01-03-21:金融信息-贷款利率-优惠贷款(贫困县办工业贷款)"
0.980340814751665,"01-03-08:金融信息-贷款利率-中长期贷款(一至三年)","01-03-26:金融信息-贷款利率-短期贷款(六个月以内)"
0.995004801196839,"01-03-08:金融信息-贷款利率-中长期贷款(一至三年)","01-03-27:金融信息-贷款利率-短期贷款(六个月至一年)"
0.998932881288228,"01-03-09:金融信息-贷款利率-中长期贷款(三至五年)","01-03-10:金融信息-贷款利率-中长期贷款(五年以上)"
0.957003896323203,"01-03-09:金融信息-贷款利率-中长期贷款(三至五年)","01-03-16:金融信息-贷款利率-优惠贷款(民政部门福利工厂贷款)"
0.953198872161937,"01-03-09:金融信息-贷款利率-中长期贷款(三至五年)","01-03-17:金融信息-贷款利率-优惠贷款(民族贸易及民族用品生产贷款)"
0.956515337918429,"01-03-09:金融信息-贷款利率-中长期贷款(三至五年)","01-03-20:金融信息-贷款利率-优惠贷款(老少边穷发展经济贷款)"
0.956515337918429,"01-03-09:金融信息-贷款利率-中长期贷款(三至五年)","01-03-21:金融信息-贷款利率-优惠贷款(贫困县办工业贷款)"
0.969870665694939,"01-03-09:金融信息-贷款利率-中长期贷款(三至五年)","01-03-26:金融信息-贷款利率-短期贷款(六个月以内)"
0.989870338624428,"01-03-09:金融信息-贷款利率-中长期贷款(三至五年)","01-03-27:金融信息-贷款利率-短期贷款(六个月至一年)"
0.96065388585501,"01-03-10:金融信息-贷款利率-中长期贷款(五年以上)","01-03-16:金融信息-贷款利率-优惠贷款(民政部门福利工厂贷款)"
0.956038188057139,"01-03-10:金融信息-贷款利率-中长期贷款(五年以上)","01-03-17:金融信息-贷款利率-优惠贷款(民族贸易及民族用品生产贷款)"
0.959950732151687,"01-03-10:金融信息-贷款利率-中长期贷款(五年以上)","01-03-20:金融信息-贷款利率-优惠贷款(老少边穷发展经济贷款)"
0.959950732151687,"01-03-10:金融信息-贷款利率-中长期贷款(五年以上)","01-03-21:金融信息-贷款利率-优惠贷款(贫困县办工业贷款)"
0.972892568027753,"01-03-10:金融信息-贷款利率-中长期贷款(五年以上)","01-03-26:金融信息-贷款利率-短期贷款(六个月以内)"
0.990277307718124,"01-03-10:金融信息-贷款利率-中长期贷款(五年以上)","01-03-27:金融信息-贷款利率-短期贷款(六个月至一年)"
0.996472276726434,"01-03-16:金融信息-贷款利率-优惠贷款(民政部门福利工厂贷款)","01-03-17:金融信息-贷款利率-优惠贷款(民族贸易及民族用品生产贷款)"
0.99877850916405,"01-03-16:金融信息-贷款利率-优惠贷款(民政部门福利工厂贷款)","01-03-20:金融信息-贷款利率-优惠贷款(老少边穷发展经济贷款)"
0.99877850916405,"01-03-16:金融信息-贷款利率-优惠贷款(民政部门福利工厂贷款)","01-03-21:金融信息-贷款利率-优惠贷款(贫困县办工业贷款)"
0.982880654701851,"01-03-16:金融信息-贷款利率-优惠贷款(民政部门福利工厂贷款)","01-03-26:金融信息-贷款利率-短期贷款(六个月以内)"
0.973830186077795,"01-03-16:金融信息-贷款利率-优惠贷款(民政部门福利工厂贷款)","01-03-27:金融信息-贷款利率-短期贷款(六个月至一年)"
0.997733190902213,"01-03-17:金融信息-贷款利率-优惠贷款(民族贸易及民族用品生产贷款)","01-03-20:金融信息-贷款利率-优惠贷款(老少边穷发展经济贷款)"
0.997733190902213,"01-03-17:金融信息-贷款利率-优惠贷款(民族贸易及民族用品生产贷款)","01-03-21:金融信息-贷款利率-优惠贷款(贫困县办工业贷款)"
0.976531210255741,"01-03-17:金融信息-贷款利率-优惠贷款(民族贸易及民族用品生产贷款)","01-03-26:金融信息-贷款利率-短期贷款(六个月以内)"
0.967803088262353,"01-03-17:金融信息-贷款利率-优惠贷款(民族贸易及民族用品生产贷款)","01-03-27:金融信息-贷款利率-短期贷款(六个月至一年)"
1,"01-03-20:金融信息-贷款利率-优惠贷款(老少边穷发展经济贷款)","01-03-21:金融信息-贷款利率-优惠贷款(贫困县办工业贷款)"
0.978031586102479,"01-03-20:金融信息-贷款利率-优惠贷款(老少边穷发展经济贷款)","01-03-26:金融信息-贷款利率-短期贷款(六个月以内)"
0.970573449160765,"01-03-20:金融信息-贷款利率-优惠贷款(老少边穷发展经济贷款)","01-03-27:金融信息-贷款利率-短期贷款(六个月至一年)"
0.978031586102479,"01-03-21:金融信息-贷款利率-优惠贷款(贫困县办工业贷款)","01-03-26:金融信息-贷款利率-短期贷款(六个月以内)"
0.970573449160765,"01-03-21:金融信息-贷款利率-优惠贷款(贫困县办工业贷款)","01-03-27:金融信息-贷款利率-短期贷款(六个月至一年)"
0.989363408018867,"01-03-26:金融信息-贷款利率-短期贷款(六个月以内)","01-03-27:金融信息-贷款利率-短期贷款(六个月至一年)"
0.970385726956247,"01-04-00:金融信息-人民币存款准备金率变动-调整前存款准备金率(%)","01-04-01:金融信息-人民币存款准备金率变动-调整后存款准备金率(%)"
-0.983435137297878,"01-05-01:金融信息-央行黄金和外汇储备-国家外汇储备(亿美元)","01-09-01:金融信息-央行汇率-一美元折合人民币(期末数)(元)"
-0.984241218806837,"01-05-01:金融信息-央行黄金和外汇储备-国家外汇储备(亿美元)","01-09-02:金融信息-央行汇率-一美元折合人民币(平均数)(元)"
0.999743156208124,"01-09-01:金融信息-央行汇率-一美元折合人民币(期末数)(元)","01-09-02:金融信息-央行汇率-一美元折合人民币(平均数)(元)"
